{"name":"Calculate VAT based on Gross amount","id":"vat-calculator;calculate-vat-based-on-gross-amount","testSteps":[{"number":1,"description":"When I call the API with the Gross amount and the VAT percentage","duration":60,"startTime":"2022-12-11T11:40:14.892702300+01:00[Europe/Budapest]","result":"SUCCESS","precondition":false,"level":0,"children":[{"number":2,"description":"API call: v1/vat_calculation","duration":46,"startTime":"2022-12-11T11:40:14.905701100+01:00[Europe/Budapest]","result":"SUCCESS","precondition":false,"level":1,"children":[{"number":3,"description":"POST http://localhost:8080/v1/vat_calculation","duration":0,"startTime":"2022-12-11T11:40:14.950702200+01:00[Europe/Budapest]","result":"SUCCESS","restQuery":{"method":"POST","path":"http://localhost:8080/v1/vat_calculation","content":"{\n    \"vatPercentage\": \"20\",\n    \"netAmount\": null,\n    \"grossAmount\": \"1000\",\n    \"vatAmount\": null\n}","contentType":"application/json","requestHeaders":"x-request-id\u003dbfbf9786-0fd3-47d7-af24-ee95128d0ff0\r\n\t\t\t\tAccept\u003d*/*\r\n\t\t\t\tContent-Type\u003dapplication/json","requestCookies":"","responseHeaders":"Content-Type: application/json\r\nTransfer-Encoding: chunked\r\nDate: Sun, 11 Dec 2022 10:40:14 GMT\r\nKeep-Alive: timeout\u003d60\r\nConnection: keep-alive\r","responseCookies":"\r","responseBody":"{\n    \"vatPercentage\": 0.20,\n    \"netAmount\": 833.33,\n    \"grossAmount\": 1000.00,\n    \"vatAmount\": 166.67\n}","statusCode":200},"precondition":false,"level":2}]}]},{"number":4,"description":"Then I receive the result of the full calculation","duration":8,"startTime":"2022-12-11T11:40:14.954700100+01:00[Europe/Budapest]","result":"SUCCESS","precondition":false,"level":0}],"userStory":{"id":"vat-calculator","storyName":"VAT calculator","displayName":"VAT calculator","path":"calculateVat.feature","narrative":"  As an API user, I would like to calculate Net, Gross, VAT amounts for purchases in Austria so\n  that I can use correctly calculated purchase data.","type":"feature"},"featureTag":{"name":"VAT calculator","type":"feature","displayName":"VAT calculator"},"title":"Calculate VAT based on Gross amount","description":"","tags":[{"name":"VAT calculator","type":"feature","displayName":"VAT calculator"}],"startTime":"2022-12-11T11:40:14.885703900+01:00[Europe/Budapest]","duration":80,"projectKey":"","isManualTestingUpToDate":false,"manual":false,"testSource":"Cucumber","result":"SUCCESS"}