{"name":"Mandatory validation for amounts","id":"vat-calculator;mandatory-validation-for-amounts","testSteps":[{"number":1,"description":"When I call the API without any amount","duration":67,"startTime":"2022-12-11T11:40:15.333701900+01:00[Europe/Budapest]","result":"SUCCESS","precondition":false,"level":0,"children":[{"number":2,"description":"API call: v1/vat_calculation","duration":47,"startTime":"2022-12-11T11:40:15.350701600+01:00[Europe/Budapest]","result":"SUCCESS","precondition":false,"level":1,"children":[{"number":3,"description":"POST http://localhost:8080/v1/vat_calculation","duration":0,"startTime":"2022-12-11T11:40:15.397703200+01:00[Europe/Budapest]","result":"SUCCESS","restQuery":{"method":"POST","path":"http://localhost:8080/v1/vat_calculation","content":"{\n    \"vatPercentage\": \"10.23\",\n    \"netAmount\": null,\n    \"grossAmount\": null,\n    \"vatAmount\": null\n}","contentType":"application/json","requestHeaders":"x-request-id\u003daac5a410-cd72-4653-a238-1c79984b6678\r\n\t\t\t\tAccept\u003d*/*\r\n\t\t\t\tContent-Type\u003dapplication/json","requestCookies":"","responseHeaders":"Content-Type: application/json\r\nTransfer-Encoding: chunked\r\nDate: Sun, 11 Dec 2022 10:40:14 GMT\r\nConnection: close\r","responseCookies":"\r","responseBody":"{\n    \"error\": \"ONE_OF_THE_AMOUNTS_IS_MANDATORY\"\n}","statusCode":400},"precondition":false,"level":2}]}]},{"number":4,"description":"Then I receive the ONE_OF_THE_AMOUNTS_IS_MANDATORY error code","duration":9,"startTime":"2022-12-11T11:40:15.403701500+01:00[Europe/Budapest]","result":"SUCCESS","precondition":false,"level":0}],"userStory":{"id":"vat-calculator","storyName":"VAT calculator","displayName":"VAT calculator","path":"calculateVat.feature","narrative":"  As an API user, I would like to calculate Net, Gross, VAT amounts for purchases in Austria so\n  that I can use correctly calculated purchase data.","type":"feature"},"featureTag":{"name":"VAT calculator","type":"feature","displayName":"VAT calculator"},"title":"Mandatory validation for amounts","description":"","tags":[{"name":"VAT calculator","type":"feature","displayName":"VAT calculator"}],"startTime":"2022-12-11T11:40:15.324715200+01:00[Europe/Budapest]","duration":91,"projectKey":"","isManualTestingUpToDate":false,"manual":false,"testSource":"Cucumber","result":"SUCCESS"}