{"name":"Calculate VAT based on Net amount","id":"vat-calculator;calculate-vat-based-on-net-amount","testSteps":[{"number":1,"description":"When I call the API with the Net amount and the VAT percentage","duration":5123,"startTime":"2022-12-11T11:40:09.544045200+01:00[Europe/Budapest]","result":"SUCCESS","precondition":false,"level":0,"children":[{"number":2,"description":"API call: v1/vat_calculation","duration":3997,"startTime":"2022-12-11T11:40:10.665046+01:00[Europe/Budapest]","result":"SUCCESS","precondition":false,"level":1,"children":[{"number":3,"description":"POST http://localhost:8080/v1/vat_calculation","duration":2,"startTime":"2022-12-11T11:40:14.658700800+01:00[Europe/Budapest]","result":"SUCCESS","restQuery":{"method":"POST","path":"http://localhost:8080/v1/vat_calculation","content":"{\n    \"vatPercentage\": \"20\",\n    \"netAmount\": \"1000\",\n    \"grossAmount\": null,\n    \"vatAmount\": null\n}","contentType":"application/json","requestHeaders":"x-request-id\u003dd9c566cc-8633-4693-9073-c21bc7a44fd5\r\n\t\t\t\tAccept\u003d*/*\r\n\t\t\t\tContent-Type\u003dapplication/json","requestCookies":"","responseHeaders":"Content-Type: application/json\r\nTransfer-Encoding: chunked\r\nDate: Sun, 11 Dec 2022 10:40:14 GMT\r\nKeep-Alive: timeout\u003d60\r\nConnection: keep-alive\r","responseCookies":"\r","responseBody":"{\n    \"vatPercentage\": 0.20,\n    \"netAmount\": 1000.00,\n    \"grossAmount\": 1200.00,\n    \"vatAmount\": 200.00\n}","statusCode":200},"precondition":false,"level":2}]}]},{"number":4,"description":"Then I receive the result of the full calculation","duration":41,"startTime":"2022-12-11T11:40:14.673699500+01:00[Europe/Budapest]","result":"SUCCESS","precondition":false,"level":0}],"userStory":{"id":"vat-calculator","storyName":"VAT calculator","displayName":"VAT calculator","path":"calculateVat.feature","narrative":"  As an API user, I would like to calculate Net, Gross, VAT amounts for purchases in Austria so\n  that I can use correctly calculated purchase data.","type":"feature"},"featureTag":{"name":"VAT calculator","type":"feature","displayName":"VAT calculator"},"title":"Calculate VAT based on Net amount","description":"","tags":[{"name":"VAT calculator","type":"feature","displayName":"VAT calculator"}],"startTime":"2022-12-11T11:40:09.340049300+01:00[Europe/Budapest]","duration":5379,"projectKey":"","isManualTestingUpToDate":false,"manual":false,"testSource":"Cucumber","result":"SUCCESS"}