{"name":"Gross based examples","id":"vat-calculator;gross-based-examples","testSteps":[{"number":1,"description":"1: Gross based examples ({grossAmount\u003d1200, vatAmount\u003d200.00, netAmount\u003d1000.00})","duration":59,"startTime":"2022-12-11T11:40:16.463700600+01:00[Europe/Budapest]","result":"SUCCESS","precondition":false,"level":0,"lineNumber":63,"children":[{"number":2,"description":"When I call the API with 1200 Gross amount","duration":35,"startTime":"2022-12-11T11:40:16.466702800+01:00[Europe/Budapest]","result":"SUCCESS","precondition":false,"level":1,"children":[{"number":3,"description":"API call: v1/vat_calculation","duration":25,"startTime":"2022-12-11T11:40:16.475701600+01:00[Europe/Budapest]","result":"SUCCESS","precondition":false,"level":2,"children":[{"number":4,"description":"POST http://localhost:8080/v1/vat_calculation","duration":0,"startTime":"2022-12-11T11:40:16.500701700+01:00[Europe/Budapest]","result":"SUCCESS","restQuery":{"method":"POST","path":"http://localhost:8080/v1/vat_calculation","content":"{\n    \"vatPercentage\": \"20\",\n    \"netAmount\": null,\n    \"grossAmount\": \"1200\",\n    \"vatAmount\": null\n}","contentType":"application/json","requestHeaders":"x-request-id\u003df1e4eed2-c586-43c6-a7f3-a797746ebaad\r\n\t\t\t\tAccept\u003d*/*\r\n\t\t\t\tContent-Type\u003dapplication/json","requestCookies":"","responseHeaders":"Content-Type: application/json\r\nTransfer-Encoding: chunked\r\nDate: Sun, 11 Dec 2022 10:40:15 GMT\r\nKeep-Alive: timeout\u003d60\r\nConnection: keep-alive\r","responseCookies":"\r","responseBody":"{\n    \"vatPercentage\": 0.20,\n    \"netAmount\": 1000.00,\n    \"grossAmount\": 1200.00,\n    \"vatAmount\": 200.00\n}","statusCode":200},"precondition":false,"level":3}]}]},{"number":5,"description":"Then I receive the 200.00 VAT amount","duration":5,"startTime":"2022-12-11T11:40:16.504700500+01:00[Europe/Budapest]","result":"SUCCESS","precondition":false,"level":1},{"number":6,"description":"And I receive the 1000.00 Net amount","duration":8,"startTime":"2022-12-11T11:40:16.512699900+01:00[Europe/Budapest]","result":"SUCCESS","precondition":false,"level":1}]},{"number":7,"description":"2: Gross based examples ({grossAmount\u003d751.38, vatAmount\u003d125.23, netAmount\u003d626.15})","duration":55,"startTime":"2022-12-11T11:40:16.532710500+01:00[Europe/Budapest]","result":"SUCCESS","precondition":false,"level":0,"lineNumber":64,"children":[{"number":8,"description":"When I call the API with 751.38 Gross amount","duration":36,"startTime":"2022-12-11T11:40:16.534701600+01:00[Europe/Budapest]","result":"SUCCESS","precondition":false,"level":1,"children":[{"number":9,"description":"API call: v1/vat_calculation","duration":25,"startTime":"2022-12-11T11:40:16.543701400+01:00[Europe/Budapest]","result":"SUCCESS","precondition":false,"level":2,"children":[{"number":10,"description":"POST http://localhost:8080/v1/vat_calculation","duration":0,"startTime":"2022-12-11T11:40:16.569701+01:00[Europe/Budapest]","result":"SUCCESS","restQuery":{"method":"POST","path":"http://localhost:8080/v1/vat_calculation","content":"{\n    \"vatPercentage\": \"20\",\n    \"netAmount\": null,\n    \"grossAmount\": \"751.38\",\n    \"vatAmount\": null\n}","contentType":"application/json","requestHeaders":"x-request-id\u003de87e1e37-be50-4af0-864e-ed6bd81535fa\r\n\t\t\t\tAccept\u003d*/*\r\n\t\t\t\tContent-Type\u003dapplication/json","requestCookies":"","responseHeaders":"Content-Type: application/json\r\nTransfer-Encoding: chunked\r\nDate: Sun, 11 Dec 2022 10:40:15 GMT\r\nKeep-Alive: timeout\u003d60\r\nConnection: keep-alive\r","responseCookies":"\r","responseBody":"{\n    \"vatPercentage\": 0.20,\n    \"netAmount\": 626.15,\n    \"grossAmount\": 751.38,\n    \"vatAmount\": 125.23\n}","statusCode":200},"precondition":false,"level":3}]}]},{"number":11,"description":"Then I receive the 125.23 VAT amount","duration":4,"startTime":"2022-12-11T11:40:16.573701900+01:00[Europe/Budapest]","result":"SUCCESS","precondition":false,"level":1},{"number":12,"description":"And I receive the 626.15 Net amount","duration":7,"startTime":"2022-12-11T11:40:16.580700700+01:00[Europe/Budapest]","result":"SUCCESS","precondition":false,"level":1}]},{"number":13,"description":"3: Gross based examples ({grossAmount\u003d5999999.9, vatAmount\u003d999999.98, netAmount\u003d4999999.92})","duration":58,"startTime":"2022-12-11T11:40:16.599708600+01:00[Europe/Budapest]","result":"SUCCESS","precondition":false,"level":0,"lineNumber":65,"children":[{"number":14,"description":"When I call the API with 5999999.9 Gross amount","duration":36,"startTime":"2022-12-11T11:40:16.602711900+01:00[Europe/Budapest]","result":"SUCCESS","precondition":false,"level":1,"children":[{"number":15,"description":"API call: v1/vat_calculation","duration":25,"startTime":"2022-12-11T11:40:16.610703500+01:00[Europe/Budapest]","result":"SUCCESS","precondition":false,"level":2,"children":[{"number":16,"description":"POST http://localhost:8080/v1/vat_calculation","duration":0,"startTime":"2022-12-11T11:40:16.636701800+01:00[Europe/Budapest]","result":"SUCCESS","restQuery":{"method":"POST","path":"http://localhost:8080/v1/vat_calculation","content":"{\n    \"vatPercentage\": \"20\",\n    \"netAmount\": null,\n    \"grossAmount\": \"5999999.9\",\n    \"vatAmount\": null\n}","contentType":"application/json","requestHeaders":"x-request-id\u003de35de1fb-e8ff-4543-837c-c56bf1485cd4\r\n\t\t\t\tAccept\u003d*/*\r\n\t\t\t\tContent-Type\u003dapplication/json","requestCookies":"","responseHeaders":"Content-Type: application/json\r\nTransfer-Encoding: chunked\r\nDate: Sun, 11 Dec 2022 10:40:16 GMT\r\nKeep-Alive: timeout\u003d60\r\nConnection: keep-alive\r","responseCookies":"\r","responseBody":"{\n    \"vatPercentage\": 0.20,\n    \"netAmount\": 4999999.92,\n    \"grossAmount\": 5999999.90,\n    \"vatAmount\": 999999.98\n}","statusCode":200},"precondition":false,"level":3}]}]},{"number":17,"description":"Then I receive the 999999.98 VAT amount","duration":4,"startTime":"2022-12-11T11:40:16.641701500+01:00[Europe/Budapest]","result":"SUCCESS","precondition":false,"level":1},{"number":18,"description":"And I receive the 4999999.92 Net amount","duration":8,"startTime":"2022-12-11T11:40:16.647702300+01:00[Europe/Budapest]","result":"SUCCESS","precondition":false,"level":1}]},{"number":19,"description":"4: Gross based examples ({grossAmount\u003d123.233, vatAmount\u003d20.54, netAmount\u003d102.69})","duration":50,"startTime":"2022-12-11T11:40:16.668700300+01:00[Europe/Budapest]","result":"SUCCESS","precondition":false,"level":0,"lineNumber":66,"children":[{"number":20,"description":"When I call the API with 123.233 Gross amount","duration":34,"startTime":"2022-12-11T11:40:16.670699500+01:00[Europe/Budapest]","result":"SUCCESS","precondition":false,"level":1,"children":[{"number":21,"description":"API call: v1/vat_calculation","duration":23,"startTime":"2022-12-11T11:40:16.679702500+01:00[Europe/Budapest]","result":"SUCCESS","precondition":false,"level":2,"children":[{"number":22,"description":"POST http://localhost:8080/v1/vat_calculation","duration":0,"startTime":"2022-12-11T11:40:16.703700300+01:00[Europe/Budapest]","result":"SUCCESS","restQuery":{"method":"POST","path":"http://localhost:8080/v1/vat_calculation","content":"{\n    \"vatPercentage\": \"20\",\n    \"netAmount\": null,\n    \"grossAmount\": \"123.233\",\n    \"vatAmount\": null\n}","contentType":"application/json","requestHeaders":"x-request-id\u003ddb6cbbbb-fc46-4800-ab62-7a0091eacf30\r\n\t\t\t\tAccept\u003d*/*\r\n\t\t\t\tContent-Type\u003dapplication/json","requestCookies":"","responseHeaders":"Content-Type: application/json\r\nTransfer-Encoding: chunked\r\nDate: Sun, 11 Dec 2022 10:40:16 GMT\r\nKeep-Alive: timeout\u003d60\r\nConnection: keep-alive\r","responseCookies":"\r","responseBody":"{\n    \"vatPercentage\": 0.20,\n    \"netAmount\": 102.69,\n    \"grossAmount\": 123.23,\n    \"vatAmount\": 20.54\n}","statusCode":200},"precondition":false,"level":3}]}]},{"number":23,"description":"Then I receive the 20.54 VAT amount","duration":5,"startTime":"2022-12-11T11:40:16.706699900+01:00[Europe/Budapest]","result":"SUCCESS","precondition":false,"level":1},{"number":24,"description":"And I receive the 102.69 Net amount","duration":5,"startTime":"2022-12-11T11:40:16.712700900+01:00[Europe/Budapest]","result":"SUCCESS","precondition":false,"level":1}]},{"number":25,"description":"5: Gross based examples ({grossAmount\u003d123.2339, vatAmount\u003d20.54, netAmount\u003d102.69})","duration":57,"startTime":"2022-12-11T11:40:16.727699600+01:00[Europe/Budapest]","result":"SUCCESS","precondition":false,"level":0,"lineNumber":67,"children":[{"number":26,"description":"When I call the API with 123.2339 Gross amount","duration":37,"startTime":"2022-12-11T11:40:16.729700200+01:00[Europe/Budapest]","result":"SUCCESS","precondition":false,"level":1,"children":[{"number":27,"description":"API call: v1/vat_calculation","duration":23,"startTime":"2022-12-11T11:40:16.740698900+01:00[Europe/Budapest]","result":"SUCCESS","precondition":false,"level":2,"children":[{"number":28,"description":"POST http://localhost:8080/v1/vat_calculation","duration":0,"startTime":"2022-12-11T11:40:16.763701500+01:00[Europe/Budapest]","result":"SUCCESS","restQuery":{"method":"POST","path":"http://localhost:8080/v1/vat_calculation","content":"{\n    \"vatPercentage\": \"20\",\n    \"netAmount\": null,\n    \"grossAmount\": \"123.2339\",\n    \"vatAmount\": null\n}","contentType":"application/json","requestHeaders":"x-request-id\u003d33acba60-ba54-497a-9fc1-ffce4f4e5ea5\r\n\t\t\t\tAccept\u003d*/*\r\n\t\t\t\tContent-Type\u003dapplication/json","requestCookies":"","responseHeaders":"Content-Type: application/json\r\nTransfer-Encoding: chunked\r\nDate: Sun, 11 Dec 2022 10:40:16 GMT\r\nKeep-Alive: timeout\u003d60\r\nConnection: keep-alive\r","responseCookies":"\r","responseBody":"{\n    \"vatPercentage\": 0.20,\n    \"netAmount\": 102.69,\n    \"grossAmount\": 123.23,\n    \"vatAmount\": 20.54\n}","statusCode":200},"precondition":false,"level":3}]}]},{"number":29,"description":"Then I receive the 20.54 VAT amount","duration":5,"startTime":"2022-12-11T11:40:16.768712200+01:00[Europe/Budapest]","result":"SUCCESS","precondition":false,"level":1},{"number":30,"description":"And I receive the 102.69 Net amount","duration":7,"startTime":"2022-12-11T11:40:16.775701200+01:00[Europe/Budapest]","result":"SUCCESS","precondition":false,"level":1}]},{"number":31,"description":"6: Gross based examples ({grossAmount\u003d123.234, vatAmount\u003d20.54, netAmount\u003d102.70})","duration":60,"startTime":"2022-12-11T11:40:16.793705600+01:00[Europe/Budapest]","result":"SUCCESS","precondition":false,"level":0,"lineNumber":68,"children":[{"number":32,"description":"When I call the API with 123.234 Gross amount","duration":37,"startTime":"2022-12-11T11:40:16.797702500+01:00[Europe/Budapest]","result":"SUCCESS","precondition":false,"level":1,"children":[{"number":33,"description":"API call: v1/vat_calculation","duration":25,"startTime":"2022-12-11T11:40:16.807702100+01:00[Europe/Budapest]","result":"SUCCESS","precondition":false,"level":2,"children":[{"number":34,"description":"POST http://localhost:8080/v1/vat_calculation","duration":0,"startTime":"2022-12-11T11:40:16.832702100+01:00[Europe/Budapest]","result":"SUCCESS","restQuery":{"method":"POST","path":"http://localhost:8080/v1/vat_calculation","content":"{\n    \"vatPercentage\": \"20\",\n    \"netAmount\": null,\n    \"grossAmount\": \"123.234\",\n    \"vatAmount\": null\n}","contentType":"application/json","requestHeaders":"x-request-id\u003d191eb33e-939e-42d9-910a-a15d799b6ae6\r\n\t\t\t\tAccept\u003d*/*\r\n\t\t\t\tContent-Type\u003dapplication/json","requestCookies":"","responseHeaders":"Content-Type: application/json\r\nTransfer-Encoding: chunked\r\nDate: Sun, 11 Dec 2022 10:40:16 GMT\r\nKeep-Alive: timeout\u003d60\r\nConnection: keep-alive\r","responseCookies":"\r","responseBody":"{\n    \"vatPercentage\": 0.20,\n    \"netAmount\": 102.70,\n    \"grossAmount\": 123.23,\n    \"vatAmount\": 20.54\n}","statusCode":200},"precondition":false,"level":3}]}]},{"number":35,"description":"Then I receive the 20.54 VAT amount","duration":6,"startTime":"2022-12-11T11:40:16.837704600+01:00[Europe/Budapest]","result":"SUCCESS","precondition":false,"level":1},{"number":36,"description":"And I receive the 102.70 Net amount","duration":7,"startTime":"2022-12-11T11:40:16.846702300+01:00[Europe/Budapest]","result":"SUCCESS","precondition":false,"level":1}]},{"number":37,"description":"7: Gross based examples ({grossAmount\u003d123.249, vatAmount\u003d20.54, netAmount\u003d102.71})","duration":56,"startTime":"2022-12-11T11:40:16.864700300+01:00[Europe/Budapest]","result":"SUCCESS","precondition":false,"level":0,"lineNumber":69,"children":[{"number":38,"description":"When I call the API with 123.249 Gross amount","duration":33,"startTime":"2022-12-11T11:40:16.868701700+01:00[Europe/Budapest]","result":"SUCCESS","precondition":false,"level":1,"children":[{"number":39,"description":"API call: v1/vat_calculation","duration":23,"startTime":"2022-12-11T11:40:16.876706300+01:00[Europe/Budapest]","result":"SUCCESS","precondition":false,"level":2,"children":[{"number":40,"description":"POST http://localhost:8080/v1/vat_calculation","duration":0,"startTime":"2022-12-11T11:40:16.898701200+01:00[Europe/Budapest]","result":"SUCCESS","restQuery":{"method":"POST","path":"http://localhost:8080/v1/vat_calculation","content":"{\n    \"vatPercentage\": \"20\",\n    \"netAmount\": null,\n    \"grossAmount\": \"123.249\",\n    \"vatAmount\": null\n}","contentType":"application/json","requestHeaders":"x-request-id\u003d7f10dab8-09e1-46cd-9760-9550cf843036\r\n\t\t\t\tAccept\u003d*/*\r\n\t\t\t\tContent-Type\u003dapplication/json","requestCookies":"","responseHeaders":"Content-Type: application/json\r\nTransfer-Encoding: chunked\r\nDate: Sun, 11 Dec 2022 10:40:16 GMT\r\nKeep-Alive: timeout\u003d60\r\nConnection: keep-alive\r","responseCookies":"\r","responseBody":"{\n    \"vatPercentage\": 0.20,\n    \"netAmount\": 102.71,\n    \"grossAmount\": 123.25,\n    \"vatAmount\": 20.54\n}","statusCode":200},"precondition":false,"level":3}]}]},{"number":41,"description":"Then I receive the 20.54 VAT amount","duration":6,"startTime":"2022-12-11T11:40:16.903706+01:00[Europe/Budapest]","result":"SUCCESS","precondition":false,"level":1},{"number":42,"description":"And I receive the 102.71 Net amount","duration":6,"startTime":"2022-12-11T11:40:16.911706800+01:00[Europe/Budapest]","result":"SUCCESS","precondition":false,"level":1}]},{"number":43,"description":"8: Gross based examples ({grossAmount\u003d123.269, vatAmount\u003d20.54, netAmount\u003d102.72})","duration":55,"startTime":"2022-12-11T11:40:16.929705+01:00[Europe/Budapest]","result":"SUCCESS","precondition":false,"level":0,"lineNumber":70,"children":[{"number":44,"description":"When I call the API with 123.269 Gross amount","duration":35,"startTime":"2022-12-11T11:40:16.932707400+01:00[Europe/Budapest]","result":"SUCCESS","precondition":false,"level":1,"children":[{"number":45,"description":"API call: v1/vat_calculation","duration":25,"startTime":"2022-12-11T11:40:16.941710300+01:00[Europe/Budapest]","result":"SUCCESS","precondition":false,"level":2,"children":[{"number":46,"description":"POST http://localhost:8080/v1/vat_calculation","duration":1,"startTime":"2022-12-11T11:40:16.965701700+01:00[Europe/Budapest]","result":"SUCCESS","restQuery":{"method":"POST","path":"http://localhost:8080/v1/vat_calculation","content":"{\n    \"vatPercentage\": \"20\",\n    \"netAmount\": null,\n    \"grossAmount\": \"123.269\",\n    \"vatAmount\": null\n}","contentType":"application/json","requestHeaders":"x-request-id\u003de8d2a73c-a0f6-4e65-8704-f8e740f38c8a\r\n\t\t\t\tAccept\u003d*/*\r\n\t\t\t\tContent-Type\u003dapplication/json","requestCookies":"","responseHeaders":"Content-Type: application/json\r\nTransfer-Encoding: chunked\r\nDate: Sun, 11 Dec 2022 10:40:16 GMT\r\nKeep-Alive: timeout\u003d60\r\nConnection: keep-alive\r","responseCookies":"\r","responseBody":"{\n    \"vatPercentage\": 0.20,\n    \"netAmount\": 102.72,\n    \"grossAmount\": 123.27,\n    \"vatAmount\": 20.54\n}","statusCode":200},"precondition":false,"level":3}]}]},{"number":47,"description":"Then I receive the 20.54 VAT amount","duration":4,"startTime":"2022-12-11T11:40:16.971711500+01:00[Europe/Budapest]","result":"SUCCESS","precondition":false,"level":1},{"number":48,"description":"And I receive the 102.72 Net amount","duration":6,"startTime":"2022-12-11T11:40:16.977699800+01:00[Europe/Budapest]","result":"SUCCESS","precondition":false,"level":1}]},{"number":49,"description":"9: Gross based examples ({grossAmount\u003d123.27, vatAmount\u003d20.55, netAmount\u003d102.73})","duration":58,"startTime":"2022-12-11T11:40:16.995699900+01:00[Europe/Budapest]","result":"SUCCESS","precondition":false,"level":0,"lineNumber":71,"children":[{"number":50,"description":"When I call the API with 123.27 Gross amount","duration":33,"startTime":"2022-12-11T11:40:16.997700300+01:00[Europe/Budapest]","result":"SUCCESS","precondition":false,"level":1,"children":[{"number":51,"description":"API call: v1/vat_calculation","duration":20,"startTime":"2022-12-11T11:40:17.006710200+01:00[Europe/Budapest]","result":"SUCCESS","precondition":false,"level":2,"children":[{"number":52,"description":"POST http://localhost:8080/v1/vat_calculation","duration":0,"startTime":"2022-12-11T11:40:17.027701300+01:00[Europe/Budapest]","result":"SUCCESS","restQuery":{"method":"POST","path":"http://localhost:8080/v1/vat_calculation","content":"{\n    \"vatPercentage\": \"20\",\n    \"netAmount\": null,\n    \"grossAmount\": \"123.27\",\n    \"vatAmount\": null\n}","contentType":"application/json","requestHeaders":"x-request-id\u003dc9a8678c-1a93-490f-ab47-8a940d6c8ae1\r\n\t\t\t\tAccept\u003d*/*\r\n\t\t\t\tContent-Type\u003dapplication/json","requestCookies":"","responseHeaders":"Content-Type: application/json\r\nTransfer-Encoding: chunked\r\nDate: Sun, 11 Dec 2022 10:40:16 GMT\r\nKeep-Alive: timeout\u003d60\r\nConnection: keep-alive\r","responseCookies":"\r","responseBody":"{\n    \"vatPercentage\": 0.20,\n    \"netAmount\": 102.73,\n    \"grossAmount\": 123.27,\n    \"vatAmount\": 20.55\n}","statusCode":200},"precondition":false,"level":3}]}]},{"number":53,"description":"Then I receive the 20.55 VAT amount","duration":7,"startTime":"2022-12-11T11:40:17.033710100+01:00[Europe/Budapest]","result":"SUCCESS","precondition":false,"level":1},{"number":54,"description":"And I receive the 102.73 Net amount","duration":9,"startTime":"2022-12-11T11:40:17.042702200+01:00[Europe/Budapest]","result":"SUCCESS","precondition":false,"level":1}]},{"number":55,"description":"10: Gross based examples ({grossAmount\u003d999999999, vatAmount\u003d166666666.50, netAmount\u003d833333332.50})","duration":51,"startTime":"2022-12-11T11:40:17.067702600+01:00[Europe/Budapest]","result":"SUCCESS","precondition":false,"level":0,"lineNumber":72,"children":[{"number":56,"description":"When I call the API with 999999999 Gross amount","duration":33,"startTime":"2022-12-11T11:40:17.069703300+01:00[Europe/Budapest]","result":"SUCCESS","precondition":false,"level":1,"children":[{"number":57,"description":"API call: v1/vat_calculation","duration":22,"startTime":"2022-12-11T11:40:17.077706800+01:00[Europe/Budapest]","result":"SUCCESS","precondition":false,"level":2,"children":[{"number":58,"description":"POST http://localhost:8080/v1/vat_calculation","duration":0,"startTime":"2022-12-11T11:40:17.099707900+01:00[Europe/Budapest]","result":"SUCCESS","restQuery":{"method":"POST","path":"http://localhost:8080/v1/vat_calculation","content":"{\n    \"vatPercentage\": \"20\",\n    \"netAmount\": null,\n    \"grossAmount\": \"999999999\",\n    \"vatAmount\": null\n}","contentType":"application/json","requestHeaders":"x-request-id\u003dc8f8c6d5-a6f7-471b-a011-b9065c4c3fa9\r\n\t\t\t\tAccept\u003d*/*\r\n\t\t\t\tContent-Type\u003dapplication/json","requestCookies":"","responseHeaders":"Content-Type: application/json\r\nTransfer-Encoding: chunked\r\nDate: Sun, 11 Dec 2022 10:40:16 GMT\r\nKeep-Alive: timeout\u003d60\r\nConnection: keep-alive\r","responseCookies":"\r","responseBody":"{\n    \"vatPercentage\": 0.20,\n    \"netAmount\": 833333332.50,\n    \"grossAmount\": 999999999.00,\n    \"vatAmount\": 166666666.50\n}","statusCode":200},"precondition":false,"level":3}]}]},{"number":59,"description":"Then I receive the 166666666.50 VAT amount","duration":5,"startTime":"2022-12-11T11:40:17.104706900+01:00[Europe/Budapest]","result":"SUCCESS","precondition":false,"level":1},{"number":60,"description":"And I receive the 833333332.50 Net amount","duration":5,"startTime":"2022-12-11T11:40:17.111710800+01:00[Europe/Budapest]","result":"SUCCESS","precondition":false,"level":1}]}],"userStory":{"id":"vat-calculator","storyName":"VAT calculator","displayName":"VAT calculator","path":"calculateVat.feature","narrative":"  As an API user, I would like to calculate Net, Gross, VAT amounts for purchases in Austria so\n  that I can use correctly calculated purchase data.","type":"feature"},"featureTag":{"name":"VAT calculator","type":"feature","displayName":"VAT calculator"},"title":"Gross based examples","description":"","tags":[{"name":"VAT calculator","type":"feature","displayName":"VAT calculator"}],"startTime":"2022-12-11T11:40:16.457699700+01:00[Europe/Budapest]","duration":663,"projectKey":"","isManualTestingUpToDate":false,"dataTable":{"headers":["grossAmount","vatAmount","netAmount"],"rows":[{"values":["1200","200.00","1000.00"],"lineNumber":63,"result":"SUCCESS"},{"values":["751.38","125.23","626.15"],"lineNumber":64,"result":"SUCCESS"},{"values":["5999999.9","999999.98","4999999.92"],"lineNumber":65,"result":"SUCCESS"},{"values":["123.233","20.54","102.69"],"lineNumber":66,"result":"SUCCESS"},{"values":["123.2339","20.54","102.69"],"lineNumber":67,"result":"SUCCESS"},{"values":["123.234","20.54","102.70"],"lineNumber":68,"result":"SUCCESS"},{"values":["123.249","20.54","102.71"],"lineNumber":69,"result":"SUCCESS"},{"values":["123.269","20.54","102.72"],"lineNumber":70,"result":"SUCCESS"},{"values":["123.27","20.55","102.73"],"lineNumber":71,"result":"SUCCESS"},{"values":["999999999","166666666.50","833333332.50"],"lineNumber":72,"result":"SUCCESS"}],"predefinedRows":true,"scenarioOutline":"When I call the API with \u003cgrossAmount\u003e Gross amount\n\rThen I receive the \u003cvatAmount\u003e VAT amount\n\rAnd I receive the \u003cnetAmount\u003e Net amount\n\r","dataSetDescriptors":[{"startRow":0,"rowCount":0,"name":"","description":""}]},"manual":false,"testSource":"Cucumber","result":"SUCCESS","scenarioOutline":"When I call the API with \u003cgrossAmount\u003e Gross amount\r\nThen I receive the \u003cvatAmount\u003e VAT amount\r\nAnd I receive the \u003cnetAmount\u003e Net amount"}