{"name":"Calculate VAT based on VAT amount","id":"vat-calculator;calculate-vat-based-on-vat-amount","testSteps":[{"number":1,"description":"When I call the API with the VAT amount and the VAT percentage","duration":109,"startTime":"2022-12-11T11:40:14.746701300+01:00[Europe/Budapest]","result":"SUCCESS","precondition":false,"level":0,"children":[{"number":2,"description":"API call: v1/vat_calculation","duration":92,"startTime":"2022-12-11T11:40:14.762699800+01:00[Europe/Budapest]","result":"SUCCESS","precondition":false,"level":1,"children":[{"number":3,"description":"POST http://localhost:8080/v1/vat_calculation","duration":0,"startTime":"2022-12-11T11:40:14.854702+01:00[Europe/Budapest]","result":"SUCCESS","restQuery":{"method":"POST","path":"http://localhost:8080/v1/vat_calculation","content":"{\n    \"vatPercentage\": \"20\",\n    \"netAmount\": null,\n    \"grossAmount\": null,\n    \"vatAmount\": \"1000\"\n}","contentType":"application/json","requestHeaders":"x-request-id\u003d3e3e1460-5171-4e1e-9ae0-68464e4aa3b9\r\n\t\t\t\tAccept\u003d*/*\r\n\t\t\t\tContent-Type\u003dapplication/json","requestCookies":"","responseHeaders":"Content-Type: application/json\r\nTransfer-Encoding: chunked\r\nDate: Sun, 11 Dec 2022 10:40:14 GMT\r\nKeep-Alive: timeout\u003d60\r\nConnection: keep-alive\r","responseCookies":"\r","responseBody":"{\n    \"vatPercentage\": 0.20,\n    \"netAmount\": 5000.00,\n    \"grossAmount\": 6000.00,\n    \"vatAmount\": 1000.00\n}","statusCode":200},"precondition":false,"level":2}]}]},{"number":4,"description":"Then I receive the result of the full calculation","duration":8,"startTime":"2022-12-11T11:40:14.858701200+01:00[Europe/Budapest]","result":"SUCCESS","precondition":false,"level":0}],"userStory":{"id":"vat-calculator","storyName":"VAT calculator","displayName":"VAT calculator","path":"calculateVat.feature","narrative":"  As an API user, I would like to calculate Net, Gross, VAT amounts for purchases in Austria so\n  that I can use correctly calculated purchase data.","type":"feature"},"featureTag":{"name":"VAT calculator","type":"feature","displayName":"VAT calculator"},"title":"Calculate VAT based on VAT amount","description":"","tags":[{"name":"VAT calculator","type":"feature","displayName":"VAT calculator"}],"startTime":"2022-12-11T11:40:14.737700300+01:00[Europe/Budapest]","duration":132,"projectKey":"","isManualTestingUpToDate":false,"manual":false,"testSource":"Cucumber","result":"SUCCESS"}