{"name":"Net based examples","id":"vat-calculator;net-based-examples","testSteps":[{"number":1,"description":"1: Net based examples ({netAmount\u003d1000, vatAmount\u003d200.00, grossAmount\u003d1200.00})","duration":57,"startTime":"2022-12-11T11:40:17.138702400+01:00[Europe/Budapest]","result":"SUCCESS","precondition":false,"level":0,"lineNumber":80,"children":[{"number":2,"description":"When I call the API with 1000 Net amount","duration":37,"startTime":"2022-12-11T11:40:17.140707800+01:00[Europe/Budapest]","result":"SUCCESS","precondition":false,"level":1,"children":[{"number":3,"description":"API call: v1/vat_calculation","duration":25,"startTime":"2022-12-11T11:40:17.150703300+01:00[Europe/Budapest]","result":"SUCCESS","precondition":false,"level":2,"children":[{"number":4,"description":"POST http://localhost:8080/v1/vat_calculation","duration":0,"startTime":"2022-12-11T11:40:17.175758400+01:00[Europe/Budapest]","result":"SUCCESS","restQuery":{"method":"POST","path":"http://localhost:8080/v1/vat_calculation","content":"{\n    \"vatPercentage\": \"20\",\n    \"netAmount\": \"1000\",\n    \"grossAmount\": null,\n    \"vatAmount\": null\n}","contentType":"application/json","requestHeaders":"x-request-id\u003dc6d19f34-ec0e-4852-b603-fe08804b949c\r\n\t\t\t\tAccept\u003d*/*\r\n\t\t\t\tContent-Type\u003dapplication/json","requestCookies":"","responseHeaders":"Content-Type: application/json\r\nTransfer-Encoding: chunked\r\nDate: Sun, 11 Dec 2022 10:40:16 GMT\r\nKeep-Alive: timeout\u003d60\r\nConnection: keep-alive\r","responseCookies":"\r","responseBody":"{\n    \"vatPercentage\": 0.20,\n    \"netAmount\": 1000.00,\n    \"grossAmount\": 1200.00,\n    \"vatAmount\": 200.00\n}","statusCode":200},"precondition":false,"level":3}]}]},{"number":5,"description":"Then I receive the 200.00 VAT amount","duration":6,"startTime":"2022-12-11T11:40:17.179753300+01:00[Europe/Budapest]","result":"SUCCESS","precondition":false,"level":1},{"number":6,"description":"And I receive the 1200.00 Gross amount","duration":5,"startTime":"2022-12-11T11:40:17.187756800+01:00[Europe/Budapest]","result":"SUCCESS","precondition":false,"level":1}]},{"number":7,"description":"2: Net based examples ({netAmount\u003d626.15, vatAmount\u003d125.23, grossAmount\u003d751.38})","duration":47,"startTime":"2022-12-11T11:40:17.205753900+01:00[Europe/Budapest]","result":"SUCCESS","precondition":false,"level":0,"lineNumber":81,"children":[{"number":8,"description":"When I call the API with 626.15 Net amount","duration":30,"startTime":"2022-12-11T11:40:17.208755500+01:00[Europe/Budapest]","result":"SUCCESS","precondition":false,"level":1,"children":[{"number":9,"description":"API call: v1/vat_calculation","duration":19,"startTime":"2022-12-11T11:40:17.217752800+01:00[Europe/Budapest]","result":"SUCCESS","precondition":false,"level":2,"children":[{"number":10,"description":"POST http://localhost:8080/v1/vat_calculation","duration":0,"startTime":"2022-12-11T11:40:17.237751600+01:00[Europe/Budapest]","result":"SUCCESS","restQuery":{"method":"POST","path":"http://localhost:8080/v1/vat_calculation","content":"{\n    \"vatPercentage\": \"20\",\n    \"netAmount\": \"626.15\",\n    \"grossAmount\": null,\n    \"vatAmount\": null\n}","contentType":"application/json","requestHeaders":"x-request-id\u003d323db5b3-6400-422c-b7cd-9f09979908e3\r\n\t\t\t\tAccept\u003d*/*\r\n\t\t\t\tContent-Type\u003dapplication/json","requestCookies":"","responseHeaders":"Content-Type: application/json\r\nTransfer-Encoding: chunked\r\nDate: Sun, 11 Dec 2022 10:40:16 GMT\r\nKeep-Alive: timeout\u003d60\r\nConnection: keep-alive\r","responseCookies":"\r","responseBody":"{\n    \"vatPercentage\": 0.20,\n    \"netAmount\": 626.15,\n    \"grossAmount\": 751.38,\n    \"vatAmount\": 125.23\n}","statusCode":200},"precondition":false,"level":3}]}]},{"number":11,"description":"Then I receive the 125.23 VAT amount","duration":5,"startTime":"2022-12-11T11:40:17.240752+01:00[Europe/Budapest]","result":"SUCCESS","precondition":false,"level":1},{"number":12,"description":"And I receive the 751.38 Gross amount","duration":5,"startTime":"2022-12-11T11:40:17.247751300+01:00[Europe/Budapest]","result":"SUCCESS","precondition":false,"level":1}]},{"number":13,"description":"3: Net based examples ({netAmount\u003d4999999.9, vatAmount\u003d999999.98, grossAmount\u003d5999999.88})","duration":57,"startTime":"2022-12-11T11:40:17.264750+01:00[Europe/Budapest]","result":"SUCCESS","precondition":false,"level":0,"lineNumber":82,"children":[{"number":14,"description":"When I call the API with 4999999.9 Net amount","duration":33,"startTime":"2022-12-11T11:40:17.267762100+01:00[Europe/Budapest]","result":"SUCCESS","precondition":false,"level":1,"children":[{"number":15,"description":"API call: v1/vat_calculation","duration":23,"startTime":"2022-12-11T11:40:17.274751800+01:00[Europe/Budapest]","result":"SUCCESS","precondition":false,"level":2,"children":[{"number":16,"description":"POST http://localhost:8080/v1/vat_calculation","duration":0,"startTime":"2022-12-11T11:40:17.297753500+01:00[Europe/Budapest]","result":"SUCCESS","restQuery":{"method":"POST","path":"http://localhost:8080/v1/vat_calculation","content":"{\n    \"vatPercentage\": \"20\",\n    \"netAmount\": \"4999999.9\",\n    \"grossAmount\": null,\n    \"vatAmount\": null\n}","contentType":"application/json","requestHeaders":"x-request-id\u003df58c5ecc-748b-4bf5-a586-835736936bb4\r\n\t\t\t\tAccept\u003d*/*\r\n\t\t\t\tContent-Type\u003dapplication/json","requestCookies":"","responseHeaders":"Content-Type: application/json\r\nTransfer-Encoding: chunked\r\nDate: Sun, 11 Dec 2022 10:40:16 GMT\r\nKeep-Alive: timeout\u003d60\r\nConnection: keep-alive\r","responseCookies":"\r","responseBody":"{\n    \"vatPercentage\": 0.20,\n    \"netAmount\": 4999999.90,\n    \"grossAmount\": 5999999.88,\n    \"vatAmount\": 999999.98\n}","statusCode":200},"precondition":false,"level":3}]}]},{"number":17,"description":"Then I receive the 999999.98 VAT amount","duration":8,"startTime":"2022-12-11T11:40:17.303750400+01:00[Europe/Budapest]","result":"SUCCESS","precondition":false,"level":1},{"number":18,"description":"And I receive the 5999999.88 Gross amount","duration":7,"startTime":"2022-12-11T11:40:17.313752+01:00[Europe/Budapest]","result":"SUCCESS","precondition":false,"level":1}]},{"number":19,"description":"4: Net based examples ({netAmount\u003d1123.1041, vatAmount\u003d224.62, grossAmount\u003d1347.72})","duration":50,"startTime":"2022-12-11T11:40:17.330752900+01:00[Europe/Budapest]","result":"SUCCESS","precondition":false,"level":0,"lineNumber":83,"children":[{"number":20,"description":"When I call the API with 1123.1041 Net amount","duration":34,"startTime":"2022-12-11T11:40:17.333751300+01:00[Europe/Budapest]","result":"SUCCESS","precondition":false,"level":1,"children":[{"number":21,"description":"API call: v1/vat_calculation","duration":21,"startTime":"2022-12-11T11:40:17.343752800+01:00[Europe/Budapest]","result":"SUCCESS","precondition":false,"level":2,"children":[{"number":22,"description":"POST http://localhost:8080/v1/vat_calculation","duration":0,"startTime":"2022-12-11T11:40:17.364752300+01:00[Europe/Budapest]","result":"SUCCESS","restQuery":{"method":"POST","path":"http://localhost:8080/v1/vat_calculation","content":"{\n    \"vatPercentage\": \"20\",\n    \"netAmount\": \"1123.1041\",\n    \"grossAmount\": null,\n    \"vatAmount\": null\n}","contentType":"application/json","requestHeaders":"x-request-id\u003d7f0a97a7-e0da-4b86-afca-f4cb5ec88f4f\r\n\t\t\t\tAccept\u003d*/*\r\n\t\t\t\tContent-Type\u003dapplication/json","requestCookies":"","responseHeaders":"Content-Type: application/json\r\nTransfer-Encoding: chunked\r\nDate: Sun, 11 Dec 2022 10:40:16 GMT\r\nKeep-Alive: timeout\u003d60\r\nConnection: keep-alive\r","responseCookies":"\r","responseBody":"{\n    \"vatPercentage\": 0.20,\n    \"netAmount\": 1123.10,\n    \"grossAmount\": 1347.72,\n    \"vatAmount\": 224.62\n}","statusCode":200},"precondition":false,"level":3}]}]},{"number":23,"description":"Then I receive the 224.62 VAT amount","duration":5,"startTime":"2022-12-11T11:40:17.369753300+01:00[Europe/Budapest]","result":"SUCCESS","precondition":false,"level":1},{"number":24,"description":"And I receive the 1347.72 Gross amount","duration":4,"startTime":"2022-12-11T11:40:17.375752800+01:00[Europe/Budapest]","result":"SUCCESS","precondition":false,"level":1}]},{"number":25,"description":"5: Net based examples ({netAmount\u003d1123.1042, vatAmount\u003d224.62, grossAmount\u003d1347.73})","duration":48,"startTime":"2022-12-11T11:40:17.391752300+01:00[Europe/Budapest]","result":"SUCCESS","precondition":false,"level":0,"lineNumber":84,"children":[{"number":26,"description":"When I call the API with 1123.1042 Net amount","duration":30,"startTime":"2022-12-11T11:40:17.392751700+01:00[Europe/Budapest]","result":"SUCCESS","precondition":false,"level":1,"children":[{"number":27,"description":"API call: v1/vat_calculation","duration":20,"startTime":"2022-12-11T11:40:17.400756900+01:00[Europe/Budapest]","result":"SUCCESS","precondition":false,"level":2,"children":[{"number":28,"description":"POST http://localhost:8080/v1/vat_calculation","duration":0,"startTime":"2022-12-11T11:40:17.421751500+01:00[Europe/Budapest]","result":"SUCCESS","restQuery":{"method":"POST","path":"http://localhost:8080/v1/vat_calculation","content":"{\n    \"vatPercentage\": \"20\",\n    \"netAmount\": \"1123.1042\",\n    \"grossAmount\": null,\n    \"vatAmount\": null\n}","contentType":"application/json","requestHeaders":"x-request-id\u003dbf07b6b4-a657-497d-a6ae-50e517c6744a\r\n\t\t\t\tAccept\u003d*/*\r\n\t\t\t\tContent-Type\u003dapplication/json","requestCookies":"","responseHeaders":"Content-Type: application/json\r\nTransfer-Encoding: chunked\r\nDate: Sun, 11 Dec 2022 10:40:16 GMT\r\nKeep-Alive: timeout\u003d60\r\nConnection: keep-alive\r","responseCookies":"\r","responseBody":"{\n    \"vatPercentage\": 0.20,\n    \"netAmount\": 1123.10,\n    \"grossAmount\": 1347.73,\n    \"vatAmount\": 224.62\n}","statusCode":200},"precondition":false,"level":3}]}]},{"number":29,"description":"Then I receive the 224.62 VAT amount","duration":5,"startTime":"2022-12-11T11:40:17.424752+01:00[Europe/Budapest]","result":"SUCCESS","precondition":false,"level":1},{"number":30,"description":"And I receive the 1347.73 Gross amount","duration":6,"startTime":"2022-12-11T11:40:17.431753100+01:00[Europe/Budapest]","result":"SUCCESS","precondition":false,"level":1}]},{"number":31,"description":"6: Net based examples ({netAmount\u003d1445.9249, vatAmount\u003d289.18, grossAmount\u003d1735.11})","duration":51,"startTime":"2022-12-11T11:40:17.450750300+01:00[Europe/Budapest]","result":"SUCCESS","precondition":false,"level":0,"lineNumber":85,"children":[{"number":32,"description":"When I call the API with 1445.9249 Net amount","duration":28,"startTime":"2022-12-11T11:40:17.452751+01:00[Europe/Budapest]","result":"SUCCESS","precondition":false,"level":1,"children":[{"number":33,"description":"API call: v1/vat_calculation","duration":20,"startTime":"2022-12-11T11:40:17.458752100+01:00[Europe/Budapest]","result":"SUCCESS","precondition":false,"level":2,"children":[{"number":34,"description":"POST http://localhost:8080/v1/vat_calculation","duration":0,"startTime":"2022-12-11T11:40:17.478754+01:00[Europe/Budapest]","result":"SUCCESS","restQuery":{"method":"POST","path":"http://localhost:8080/v1/vat_calculation","content":"{\n    \"vatPercentage\": \"20\",\n    \"netAmount\": \"1445.9249\",\n    \"grossAmount\": null,\n    \"vatAmount\": null\n}","contentType":"application/json","requestHeaders":"x-request-id\u003dc4019511-febb-4243-a9d3-07dee9476bf8\r\n\t\t\t\tAccept\u003d*/*\r\n\t\t\t\tContent-Type\u003dapplication/json","requestCookies":"","responseHeaders":"Content-Type: application/json\r\nTransfer-Encoding: chunked\r\nDate: Sun, 11 Dec 2022 10:40:16 GMT\r\nKeep-Alive: timeout\u003d60\r\nConnection: keep-alive\r","responseCookies":"\r","responseBody":"{\n    \"vatPercentage\": 0.20,\n    \"netAmount\": 1445.92,\n    \"grossAmount\": 1735.11,\n    \"vatAmount\": 289.18\n}","statusCode":200},"precondition":false,"level":3}]}]},{"number":35,"description":"Then I receive the 289.18 VAT amount","duration":7,"startTime":"2022-12-11T11:40:17.483754300+01:00[Europe/Budapest]","result":"SUCCESS","precondition":false,"level":1},{"number":36,"description":"And I receive the 1735.11 Gross amount","duration":5,"startTime":"2022-12-11T11:40:17.492753600+01:00[Europe/Budapest]","result":"SUCCESS","precondition":false,"level":1}]},{"number":37,"description":"7: Net based examples ({netAmount\u003d1445.925, vatAmount\u003d289.19, grossAmount\u003d1735.11})","duration":57,"startTime":"2022-12-11T11:40:17.512752900+01:00[Europe/Budapest]","result":"SUCCESS","precondition":false,"level":0,"lineNumber":86,"children":[{"number":38,"description":"When I call the API with 1445.925 Net amount","duration":36,"startTime":"2022-12-11T11:40:17.515751200+01:00[Europe/Budapest]","result":"SUCCESS","precondition":false,"level":1,"children":[{"number":39,"description":"API call: v1/vat_calculation","duration":25,"startTime":"2022-12-11T11:40:17.523757+01:00[Europe/Budapest]","result":"SUCCESS","precondition":false,"level":2,"children":[{"number":40,"description":"POST http://localhost:8080/v1/vat_calculation","duration":0,"startTime":"2022-12-11T11:40:17.548754+01:00[Europe/Budapest]","result":"SUCCESS","restQuery":{"method":"POST","path":"http://localhost:8080/v1/vat_calculation","content":"{\n    \"vatPercentage\": \"20\",\n    \"netAmount\": \"1445.925\",\n    \"grossAmount\": null,\n    \"vatAmount\": null\n}","contentType":"application/json","requestHeaders":"x-request-id\u003d8cccd3af-6fe4-4b5f-b4c2-1d968f9769f6\r\n\t\t\t\tAccept\u003d*/*\r\n\t\t\t\tContent-Type\u003dapplication/json","requestCookies":"","responseHeaders":"Content-Type: application/json\r\nTransfer-Encoding: chunked\r\nDate: Sun, 11 Dec 2022 10:40:16 GMT\r\nKeep-Alive: timeout\u003d60\r\nConnection: keep-alive\r","responseCookies":"\r","responseBody":"{\n    \"vatPercentage\": 0.20,\n    \"netAmount\": 1445.93,\n    \"grossAmount\": 1735.11,\n    \"vatAmount\": 289.19\n}","statusCode":200},"precondition":false,"level":3}]}]},{"number":41,"description":"Then I receive the 289.19 VAT amount","duration":6,"startTime":"2022-12-11T11:40:17.553755300+01:00[Europe/Budapest]","result":"SUCCESS","precondition":false,"level":1},{"number":42,"description":"And I receive the 1735.11 Gross amount","duration":7,"startTime":"2022-12-11T11:40:17.561753+01:00[Europe/Budapest]","result":"SUCCESS","precondition":false,"level":1}]},{"number":43,"description":"8: Net based examples ({netAmount\u003d0.025, vatAmount\u003d0.01, grossAmount\u003d0.03})","duration":48,"startTime":"2022-12-11T11:40:17.578752300+01:00[Europe/Budapest]","result":"SUCCESS","precondition":false,"level":0,"lineNumber":87,"children":[{"number":44,"description":"When I call the API with 0.025 Net amount","duration":31,"startTime":"2022-12-11T11:40:17.580752200+01:00[Europe/Budapest]","result":"SUCCESS","precondition":false,"level":1,"children":[{"number":45,"description":"API call: v1/vat_calculation","duration":21,"startTime":"2022-12-11T11:40:17.588751800+01:00[Europe/Budapest]","result":"SUCCESS","precondition":false,"level":2,"children":[{"number":46,"description":"POST http://localhost:8080/v1/vat_calculation","duration":0,"startTime":"2022-12-11T11:40:17.609752800+01:00[Europe/Budapest]","result":"SUCCESS","restQuery":{"method":"POST","path":"http://localhost:8080/v1/vat_calculation","content":"{\n    \"vatPercentage\": \"20\",\n    \"netAmount\": \"0.025\",\n    \"grossAmount\": null,\n    \"vatAmount\": null\n}","contentType":"application/json","requestHeaders":"x-request-id\u003d5d8ba3cd-37c2-49db-a62e-20b580cb3fd3\r\n\t\t\t\tAccept\u003d*/*\r\n\t\t\t\tContent-Type\u003dapplication/json","requestCookies":"","responseHeaders":"Content-Type: application/json\r\nTransfer-Encoding: chunked\r\nDate: Sun, 11 Dec 2022 10:40:16 GMT\r\nKeep-Alive: timeout\u003d60\r\nConnection: keep-alive\r","responseCookies":"\r","responseBody":"{\n    \"vatPercentage\": 0.20,\n    \"netAmount\": 0.03,\n    \"grossAmount\": 0.03,\n    \"vatAmount\": 0.01\n}","statusCode":200},"precondition":false,"level":3}]}]},{"number":47,"description":"Then I receive the 0.01 VAT amount","duration":7,"startTime":"2022-12-11T11:40:17.612752100+01:00[Europe/Budapest]","result":"SUCCESS","precondition":false,"level":1},{"number":48,"description":"And I receive the 0.03 Gross amount","duration":6,"startTime":"2022-12-11T11:40:17.620752+01:00[Europe/Budapest]","result":"SUCCESS","precondition":false,"level":1}]},{"number":49,"description":"9: Net based examples ({netAmount\u003d999999999, vatAmount\u003d199999999.80, grossAmount\u003d1199999998.80})","duration":57,"startTime":"2022-12-11T11:40:17.636751400+01:00[Europe/Budapest]","result":"SUCCESS","precondition":false,"level":0,"lineNumber":88,"children":[{"number":50,"description":"When I call the API with 999999999 Net amount","duration":39,"startTime":"2022-12-11T11:40:17.638760+01:00[Europe/Budapest]","result":"SUCCESS","precondition":false,"level":1,"children":[{"number":51,"description":"API call: v1/vat_calculation","duration":30,"startTime":"2022-12-11T11:40:17.646752200+01:00[Europe/Budapest]","result":"SUCCESS","precondition":false,"level":2,"children":[{"number":52,"description":"POST http://localhost:8080/v1/vat_calculation","duration":0,"startTime":"2022-12-11T11:40:17.676758500+01:00[Europe/Budapest]","result":"SUCCESS","restQuery":{"method":"POST","path":"http://localhost:8080/v1/vat_calculation","content":"{\n    \"vatPercentage\": \"20\",\n    \"netAmount\": \"999999999\",\n    \"grossAmount\": null,\n    \"vatAmount\": null\n}","contentType":"application/json","requestHeaders":"x-request-id\u003d7f2bfb22-3ee0-42c1-9b8f-de81c18f3b98\r\n\t\t\t\tAccept\u003d*/*\r\n\t\t\t\tContent-Type\u003dapplication/json","requestCookies":"","responseHeaders":"Content-Type: application/json\r\nTransfer-Encoding: chunked\r\nDate: Sun, 11 Dec 2022 10:40:17 GMT\r\nKeep-Alive: timeout\u003d60\r\nConnection: keep-alive\r","responseCookies":"\r","responseBody":"{\n    \"vatPercentage\": 0.20,\n    \"netAmount\": 999999999.00,\n    \"grossAmount\": 1199999998.80,\n    \"vatAmount\": 199999999.80\n}","statusCode":200},"precondition":false,"level":3}]}]},{"number":53,"description":"Then I receive the 199999999.80 VAT amount","duration":7,"startTime":"2022-12-11T11:40:17.679753200+01:00[Europe/Budapest]","result":"SUCCESS","precondition":false,"level":1},{"number":54,"description":"And I receive the 1199999998.80 Gross amount","duration":5,"startTime":"2022-12-11T11:40:17.687752100+01:00[Europe/Budapest]","result":"SUCCESS","precondition":false,"level":1}]},{"number":55,"description":"10: Net based examples ({netAmount\u003d12345.543, vatAmount\u003d2469.11, grossAmount\u003d14814.65})","duration":47,"startTime":"2022-12-11T11:40:17.702751900+01:00[Europe/Budapest]","result":"SUCCESS","precondition":false,"level":0,"lineNumber":89,"children":[{"number":56,"description":"When I call the API with 12345.543 Net amount","duration":30,"startTime":"2022-12-11T11:40:17.704751400+01:00[Europe/Budapest]","result":"SUCCESS","precondition":false,"level":1,"children":[{"number":57,"description":"API call: v1/vat_calculation","duration":21,"startTime":"2022-12-11T11:40:17.711751400+01:00[Europe/Budapest]","result":"SUCCESS","precondition":false,"level":2,"children":[{"number":58,"description":"POST http://localhost:8080/v1/vat_calculation","duration":0,"startTime":"2022-12-11T11:40:17.732751800+01:00[Europe/Budapest]","result":"SUCCESS","restQuery":{"method":"POST","path":"http://localhost:8080/v1/vat_calculation","content":"{\n    \"vatPercentage\": \"20\",\n    \"netAmount\": \"12345.543\",\n    \"grossAmount\": null,\n    \"vatAmount\": null\n}","contentType":"application/json","requestHeaders":"x-request-id\u003dea50672b-fc92-42d3-a77d-b77a8d1f6444\r\n\t\t\t\tAccept\u003d*/*\r\n\t\t\t\tContent-Type\u003dapplication/json","requestCookies":"","responseHeaders":"Content-Type: application/json\r\nTransfer-Encoding: chunked\r\nDate: Sun, 11 Dec 2022 10:40:17 GMT\r\nKeep-Alive: timeout\u003d60\r\nConnection: keep-alive\r","responseCookies":"\r","responseBody":"{\n    \"vatPercentage\": 0.20,\n    \"netAmount\": 12345.54,\n    \"grossAmount\": 14814.65,\n    \"vatAmount\": 2469.11\n}","statusCode":200},"precondition":false,"level":3}]}]},{"number":59,"description":"Then I receive the 2469.11 VAT amount","duration":5,"startTime":"2022-12-11T11:40:17.736750600+01:00[Europe/Budapest]","result":"SUCCESS","precondition":false,"level":1},{"number":60,"description":"And I receive the 14814.65 Gross amount","duration":5,"startTime":"2022-12-11T11:40:17.742751200+01:00[Europe/Budapest]","result":"SUCCESS","precondition":false,"level":1}]}],"userStory":{"id":"vat-calculator","storyName":"VAT calculator","displayName":"VAT calculator","path":"calculateVat.feature","narrative":"  As an API user, I would like to calculate Net, Gross, VAT amounts for purchases in Austria so\n  that I can use correctly calculated purchase data.","type":"feature"},"featureTag":{"name":"VAT calculator","type":"feature","displayName":"VAT calculator"},"title":"Net based examples","description":"","tags":[{"name":"VAT calculator","type":"feature","displayName":"VAT calculator"}],"startTime":"2022-12-11T11:40:17.131705400+01:00[Europe/Budapest]","duration":620,"projectKey":"","isManualTestingUpToDate":false,"dataTable":{"headers":["netAmount","vatAmount","grossAmount"],"rows":[{"values":["1000","200.00","1200.00"],"lineNumber":80,"result":"SUCCESS"},{"values":["626.15","125.23","751.38"],"lineNumber":81,"result":"SUCCESS"},{"values":["4999999.9","999999.98","5999999.88"],"lineNumber":82,"result":"SUCCESS"},{"values":["1123.1041","224.62","1347.72"],"lineNumber":83,"result":"SUCCESS"},{"values":["1123.1042","224.62","1347.73"],"lineNumber":84,"result":"SUCCESS"},{"values":["1445.9249","289.18","1735.11"],"lineNumber":85,"result":"SUCCESS"},{"values":["1445.925","289.19","1735.11"],"lineNumber":86,"result":"SUCCESS"},{"values":["0.025","0.01","0.03"],"lineNumber":87,"result":"SUCCESS"},{"values":["999999999","199999999.80","1199999998.80"],"lineNumber":88,"result":"SUCCESS"},{"values":["12345.543","2469.11","14814.65"],"lineNumber":89,"result":"SUCCESS"}],"predefinedRows":true,"scenarioOutline":"When I call the API with \u003cnetAmount\u003e Net amount\n\rThen I receive the \u003cvatAmount\u003e VAT amount\n\rAnd I receive the \u003cgrossAmount\u003e Gross amount\n\r","dataSetDescriptors":[{"startRow":0,"rowCount":0,"name":"","description":""}]},"manual":false,"testSource":"Cucumber","result":"SUCCESS","scenarioOutline":"When I call the API with \u003cnetAmount\u003e Net amount\r\nThen I receive the \u003cvatAmount\u003e VAT amount\r\nAnd I receive the \u003cgrossAmount\u003e Gross amount"}