{"name":"Number format validation","id":"vat-calculator;number-format-validation","testSteps":[{"number":1,"description":"When I call the API with a text value instead of a number","duration":69,"startTime":"2022-12-11T11:40:14.991700700+01:00[Europe/Budapest]","result":"SUCCESS","precondition":false,"level":0,"children":[{"number":2,"description":"API call: v1/vat_calculation","duration":55,"startTime":"2022-12-11T11:40:15.004703100+01:00[Europe/Budapest]","result":"SUCCESS","precondition":false,"level":1,"children":[{"number":3,"description":"POST http://localhost:8080/v1/vat_calculation","duration":0,"startTime":"2022-12-11T11:40:15.059704900+01:00[Europe/Budapest]","result":"SUCCESS","restQuery":{"method":"POST","path":"http://localhost:8080/v1/vat_calculation","content":"{\n    \"vatPercentage\": \"TEXT\",\n    \"netAmount\": null,\n    \"grossAmount\": null,\n    \"vatAmount\": null\n}","contentType":"application/json","requestHeaders":"x-request-id\u003d7ec16170-51ac-4f8a-bc2b-fca59e3ac9f6\r\n\t\t\t\tAccept\u003d*/*\r\n\t\t\t\tContent-Type\u003dapplication/json","requestCookies":"","responseHeaders":"Content-Type: application/json\r\nTransfer-Encoding: chunked\r\nDate: Sun, 11 Dec 2022 10:40:14 GMT\r\nConnection: close\r","responseCookies":"\r","responseBody":"{\n    \"error\": \"VAT_PERCENTAGE_HAS_INVALID_VALUE\"\n}","statusCode":400},"precondition":false,"level":2}]}]},{"number":4,"description":"Then I receive the HAS_INVALID_VALUE error code","duration":6,"startTime":"2022-12-11T11:40:15.064716700+01:00[Europe/Budapest]","result":"SUCCESS","precondition":false,"level":0}],"userStory":{"id":"vat-calculator","storyName":"VAT calculator","displayName":"VAT calculator","path":"calculateVat.feature","narrative":"  As an API user, I would like to calculate Net, Gross, VAT amounts for purchases in Austria so\n  that I can use correctly calculated purchase data.","type":"feature"},"featureTag":{"name":"VAT calculator","type":"feature","displayName":"VAT calculator"},"title":"Number format validation","description":"","tags":[{"name":"VAT calculator","type":"feature","displayName":"VAT calculator"}],"startTime":"2022-12-11T11:40:14.984701800+01:00[Europe/Budapest]","duration":89,"projectKey":"","isManualTestingUpToDate":false,"manual":false,"testSource":"Cucumber","result":"SUCCESS"}