{"name":"More than one amount validation","id":"vat-calculator;more-than-one-amount-validation","testSteps":[{"number":1,"description":"When I call the API with more than one amount","duration":72,"startTime":"2022-12-11T11:40:15.436702600+01:00[Europe/Budapest]","result":"SUCCESS","precondition":false,"level":0,"children":[{"number":2,"description":"API call: v1/vat_calculation","duration":54,"startTime":"2022-12-11T11:40:15.452702+01:00[Europe/Budapest]","result":"SUCCESS","precondition":false,"level":1,"children":[{"number":3,"description":"POST http://localhost:8080/v1/vat_calculation","duration":0,"startTime":"2022-12-11T11:40:15.505708800+01:00[Europe/Budapest]","result":"SUCCESS","restQuery":{"method":"POST","path":"http://localhost:8080/v1/vat_calculation","content":"{\n    \"vatPercentage\": \"10.23\",\n    \"netAmount\": null,\n    \"grossAmount\": \"2\",\n    \"vatAmount\": \"1\"\n}","contentType":"application/json","requestHeaders":"x-request-id\u003da99a0047-d617-4824-86a6-06db60882df7\r\n\t\t\t\tAccept\u003d*/*\r\n\t\t\t\tContent-Type\u003dapplication/json","requestCookies":"","responseHeaders":"Content-Type: application/json\r\nTransfer-Encoding: chunked\r\nDate: Sun, 11 Dec 2022 10:40:14 GMT\r\nConnection: close\r","responseCookies":"\r","responseBody":"{\n    \"error\": \"MORE_THAN_ONE_AMOUNT_IS_GIVEN\"\n}","statusCode":400},"precondition":false,"level":2}]}]},{"number":4,"description":"Then I receive the MORE_THAN_ONE_AMOUNT_IS_GIVEN error code","duration":11,"startTime":"2022-12-11T11:40:15.511703400+01:00[Europe/Budapest]","result":"SUCCESS","precondition":false,"level":0}],"userStory":{"id":"vat-calculator","storyName":"VAT calculator","displayName":"VAT calculator","path":"calculateVat.feature","narrative":"  As an API user, I would like to calculate Net, Gross, VAT amounts for purchases in Austria so\n  that I can use correctly calculated purchase data.","type":"feature"},"featureTag":{"name":"VAT calculator","type":"feature","displayName":"VAT calculator"},"title":"More than one amount validation","description":"","tags":[{"name":"VAT calculator","type":"feature","displayName":"VAT calculator"}],"startTime":"2022-12-11T11:40:15.427701+01:00[Europe/Budapest]","duration":97,"projectKey":"","isManualTestingUpToDate":false,"manual":false,"testSource":"Cucumber","result":"SUCCESS"}