{"name":"Mandatory validation for VAT percentage","id":"vat-calculator;mandatory-validation-for-vat-percentage","testSteps":[{"number":1,"description":"When I call the API with an empty VAT percentage","duration":85,"startTime":"2022-12-11T11:40:15.208702+01:00[Europe/Budapest]","result":"SUCCESS","precondition":false,"level":0,"children":[{"number":2,"description":"API call: v1/vat_calculation","duration":64,"startTime":"2022-12-11T11:40:15.226703200+01:00[Europe/Budapest]","result":"SUCCESS","precondition":false,"level":1,"children":[{"number":3,"description":"POST http://localhost:8080/v1/vat_calculation","duration":0,"startTime":"2022-12-11T11:40:15.291699700+01:00[Europe/Budapest]","result":"SUCCESS","restQuery":{"method":"POST","path":"http://localhost:8080/v1/vat_calculation","content":"{\n    \"vatPercentage\": null,\n    \"netAmount\": null,\n    \"grossAmount\": null,\n    \"vatAmount\": null\n}","contentType":"application/json","requestHeaders":"x-request-id\u003d75a4f7ab-5ed4-46b6-9225-0fcfd481029d\r\n\t\t\t\tAccept\u003d*/*\r\n\t\t\t\tContent-Type\u003dapplication/json","requestCookies":"","responseHeaders":"Content-Type: application/json\r\nTransfer-Encoding: chunked\r\nDate: Sun, 11 Dec 2022 10:40:14 GMT\r\nConnection: close\r","responseCookies":"\r","responseBody":"{\n    \"error\": \"VAT_PERCENTAGE_IS_MANDATORY\"\n}","statusCode":400},"precondition":false,"level":2}]}]},{"number":4,"description":"Then I receive the VAT_PERCENTAGE_IS_MANDATORY error code","duration":8,"startTime":"2022-12-11T11:40:15.296698900+01:00[Europe/Budapest]","result":"SUCCESS","precondition":false,"level":0}],"userStory":{"id":"vat-calculator","storyName":"VAT calculator","displayName":"VAT calculator","path":"calculateVat.feature","narrative":"  As an API user, I would like to calculate Net, Gross, VAT amounts for purchases in Austria so\n  that I can use correctly calculated purchase data.","type":"feature"},"featureTag":{"name":"VAT calculator","type":"feature","displayName":"VAT calculator"},"title":"Mandatory validation for VAT percentage","description":"","tags":[{"name":"VAT calculator","type":"feature","displayName":"VAT calculator"}],"startTime":"2022-12-11T11:40:15.199703600+01:00[Europe/Budapest]","duration":107,"projectKey":"","isManualTestingUpToDate":false,"manual":false,"testSource":"Cucumber","result":"SUCCESS"}