{"name":"Validation for 0 value","id":"vat-calculator;validation-for-0-value","testSteps":[{"number":1,"description":"When I call the API with a 0 value","duration":72,"startTime":"2022-12-11T11:40:15.093703700+01:00[Europe/Budapest]","result":"SUCCESS","precondition":false,"level":0,"children":[{"number":2,"description":"API call: v1/vat_calculation","duration":55,"startTime":"2022-12-11T11:40:15.108699800+01:00[Europe/Budapest]","result":"SUCCESS","precondition":false,"level":1,"children":[{"number":3,"description":"POST http://localhost:8080/v1/vat_calculation","duration":1,"startTime":"2022-12-11T11:40:15.162701+01:00[Europe/Budapest]","result":"SUCCESS","restQuery":{"method":"POST","path":"http://localhost:8080/v1/vat_calculation","content":"{\n    \"vatPercentage\": \"0\",\n    \"netAmount\": null,\n    \"grossAmount\": null,\n    \"vatAmount\": null\n}","contentType":"application/json","requestHeaders":"x-request-id\u003ddfdb58f0-6f79-4103-9171-24ef091c6a4e\r\n\t\t\t\tAccept\u003d*/*\r\n\t\t\t\tContent-Type\u003dapplication/json","requestCookies":"","responseHeaders":"Content-Type: application/json\r\nTransfer-Encoding: chunked\r\nDate: Sun, 11 Dec 2022 10:40:14 GMT\r\nConnection: close\r","responseCookies":"\r","responseBody":"{\n    \"error\": \"VAT_PERCENTAGE_HAS_INVALID_VALUE\"\n}","statusCode":400},"precondition":false,"level":2}]}]},{"number":4,"description":"Then I receive the HAS_INVALID_VALUE error code","duration":9,"startTime":"2022-12-11T11:40:15.169700200+01:00[Europe/Budapest]","result":"SUCCESS","precondition":false,"level":0}],"userStory":{"id":"vat-calculator","storyName":"VAT calculator","displayName":"VAT calculator","path":"calculateVat.feature","narrative":"  As an API user, I would like to calculate Net, Gross, VAT amounts for purchases in Austria so\n  that I can use correctly calculated purchase data.","type":"feature"},"featureTag":{"name":"VAT calculator","type":"feature","displayName":"VAT calculator"},"title":"Validation for 0 value","description":"","tags":[{"name":"VAT calculator","type":"feature","displayName":"VAT calculator"}],"startTime":"2022-12-11T11:40:15.088707200+01:00[Europe/Budapest]","duration":93,"projectKey":"","isManualTestingUpToDate":false,"manual":false,"testSource":"Cucumber","result":"SUCCESS"}