{"name":"VAT based examples","id":"vat-calculator;vat-based-examples","testSteps":[{"number":1,"description":"1: VAT based examples ({vatAmount\u003d200, grossAmount\u003d1200.00, netAmount\u003d1000.00})","duration":100,"startTime":"2022-12-11T11:40:15.556702500+01:00[Europe/Budapest]","result":"SUCCESS","precondition":false,"level":0,"lineNumber":46,"children":[{"number":2,"description":"When I call the API with 200 VAT amount","duration":60,"startTime":"2022-12-11T11:40:15.562703600+01:00[Europe/Budapest]","result":"SUCCESS","precondition":false,"level":1,"children":[{"number":3,"description":"API call: v1/vat_calculation","duration":39,"startTime":"2022-12-11T11:40:15.582703100+01:00[Europe/Budapest]","result":"SUCCESS","precondition":false,"level":2,"children":[{"number":4,"description":"POST http://localhost:8080/v1/vat_calculation","duration":0,"startTime":"2022-12-11T11:40:15.620702400+01:00[Europe/Budapest]","result":"SUCCESS","restQuery":{"method":"POST","path":"http://localhost:8080/v1/vat_calculation","content":"{\n    \"vatPercentage\": \"20\",\n    \"netAmount\": null,\n    \"grossAmount\": null,\n    \"vatAmount\": \"200\"\n}","contentType":"application/json","requestHeaders":"x-request-id\u003dfc147151-faa9-4a7c-87dc-8edfeab3d2ce\r\n\t\t\t\tAccept\u003d*/*\r\n\t\t\t\tContent-Type\u003dapplication/json","requestCookies":"","responseHeaders":"Content-Type: application/json\r\nTransfer-Encoding: chunked\r\nDate: Sun, 11 Dec 2022 10:40:15 GMT\r\nKeep-Alive: timeout\u003d60\r\nConnection: keep-alive\r","responseCookies":"\r","responseBody":"{\n    \"vatPercentage\": 0.20,\n    \"netAmount\": 1000.00,\n    \"grossAmount\": 1200.00,\n    \"vatAmount\": 200.00\n}","statusCode":200},"precondition":false,"level":3}]}]},{"number":5,"description":"Then I receive the 1200.00 Gross amount","duration":16,"startTime":"2022-12-11T11:40:15.625701100+01:00[Europe/Budapest]","result":"SUCCESS","precondition":false,"level":1},{"number":6,"description":"And I receive the 1000.00 Net amount","duration":9,"startTime":"2022-12-11T11:40:15.645700+01:00[Europe/Budapest]","result":"SUCCESS","precondition":false,"level":1}]},{"number":7,"description":"2: VAT based examples ({vatAmount\u003d125.23, grossAmount\u003d751.38, netAmount\u003d626.15})","duration":86,"startTime":"2022-12-11T11:40:15.671701+01:00[Europe/Budapest]","result":"SUCCESS","precondition":false,"level":0,"lineNumber":47,"children":[{"number":8,"description":"When I call the API with 125.23 VAT amount","duration":54,"startTime":"2022-12-11T11:40:15.675702+01:00[Europe/Budapest]","result":"SUCCESS","precondition":false,"level":1,"children":[{"number":9,"description":"API call: v1/vat_calculation","duration":39,"startTime":"2022-12-11T11:40:15.688700900+01:00[Europe/Budapest]","result":"SUCCESS","precondition":false,"level":2,"children":[{"number":10,"description":"POST http://localhost:8080/v1/vat_calculation","duration":0,"startTime":"2022-12-11T11:40:15.728700400+01:00[Europe/Budapest]","result":"SUCCESS","restQuery":{"method":"POST","path":"http://localhost:8080/v1/vat_calculation","content":"{\n    \"vatPercentage\": \"20\",\n    \"netAmount\": null,\n    \"grossAmount\": null,\n    \"vatAmount\": \"125.23\"\n}","contentType":"application/json","requestHeaders":"x-request-id\u003dad567de1-a907-4f3d-9e5a-3715b9ababcd\r\n\t\t\t\tAccept\u003d*/*\r\n\t\t\t\tContent-Type\u003dapplication/json","requestCookies":"","responseHeaders":"Content-Type: application/json\r\nTransfer-Encoding: chunked\r\nDate: Sun, 11 Dec 2022 10:40:15 GMT\r\nKeep-Alive: timeout\u003d60\r\nConnection: keep-alive\r","responseCookies":"\r","responseBody":"{\n    \"vatPercentage\": 0.20,\n    \"netAmount\": 626.15,\n    \"grossAmount\": 751.38,\n    \"vatAmount\": 125.23\n}","statusCode":200},"precondition":false,"level":3}]}]},{"number":11,"description":"Then I receive the 751.38 Gross amount","duration":10,"startTime":"2022-12-11T11:40:15.733702500+01:00[Europe/Budapest]","result":"SUCCESS","precondition":false,"level":1},{"number":12,"description":"And I receive the 626.15 Net amount","duration":9,"startTime":"2022-12-11T11:40:15.746702500+01:00[Europe/Budapest]","result":"SUCCESS","precondition":false,"level":1}]},{"number":13,"description":"3: VAT based examples ({vatAmount\u003d999999.99, grossAmount\u003d5999999.94, netAmount\u003d4999999.95})","duration":75,"startTime":"2022-12-11T11:40:15.770698600+01:00[Europe/Budapest]","result":"SUCCESS","precondition":false,"level":0,"lineNumber":48,"children":[{"number":14,"description":"When I call the API with 999999.99 VAT amount","duration":49,"startTime":"2022-12-11T11:40:15.773701600+01:00[Europe/Budapest]","result":"SUCCESS","precondition":false,"level":1,"children":[{"number":15,"description":"API call: v1/vat_calculation","duration":37,"startTime":"2022-12-11T11:40:15.783702800+01:00[Europe/Budapest]","result":"SUCCESS","precondition":false,"level":2,"children":[{"number":16,"description":"POST http://localhost:8080/v1/vat_calculation","duration":0,"startTime":"2022-12-11T11:40:15.820700300+01:00[Europe/Budapest]","result":"SUCCESS","restQuery":{"method":"POST","path":"http://localhost:8080/v1/vat_calculation","content":"{\n    \"vatPercentage\": \"20\",\n    \"netAmount\": null,\n    \"grossAmount\": null,\n    \"vatAmount\": \"999999.99\"\n}","contentType":"application/json","requestHeaders":"x-request-id\u003d8e404a63-d9cd-4f72-aa9c-2d2bff6dcca6\r\n\t\t\t\tAccept\u003d*/*\r\n\t\t\t\tContent-Type\u003dapplication/json","requestCookies":"","responseHeaders":"Content-Type: application/json\r\nTransfer-Encoding: chunked\r\nDate: Sun, 11 Dec 2022 10:40:15 GMT\r\nKeep-Alive: timeout\u003d60\r\nConnection: keep-alive\r","responseCookies":"\r","responseBody":"{\n    \"vatPercentage\": 0.20,\n    \"netAmount\": 4999999.95,\n    \"grossAmount\": 5999999.94,\n    \"vatAmount\": 999999.99\n}","statusCode":200},"precondition":false,"level":3}]}]},{"number":17,"description":"Then I receive the 5999999.94 Gross amount","duration":8,"startTime":"2022-12-11T11:40:15.825701400+01:00[Europe/Budapest]","result":"SUCCESS","precondition":false,"level":1},{"number":18,"description":"And I receive the 4999999.95 Net amount","duration":7,"startTime":"2022-12-11T11:40:15.836704500+01:00[Europe/Budapest]","result":"SUCCESS","precondition":false,"level":1}]},{"number":19,"description":"4: VAT based examples ({vatAmount\u003d33.439, grossAmount\u003d200.63, netAmount\u003d167.20})","duration":86,"startTime":"2022-12-11T11:40:15.859703600+01:00[Europe/Budapest]","result":"SUCCESS","precondition":false,"level":0,"lineNumber":49,"children":[{"number":20,"description":"When I call the API with 33.439 VAT amount","duration":57,"startTime":"2022-12-11T11:40:15.862702400+01:00[Europe/Budapest]","result":"SUCCESS","precondition":false,"level":1,"children":[{"number":21,"description":"API call: v1/vat_calculation","duration":43,"startTime":"2022-12-11T11:40:15.874702300+01:00[Europe/Budapest]","result":"SUCCESS","precondition":false,"level":2,"children":[{"number":22,"description":"POST http://localhost:8080/v1/vat_calculation","duration":0,"startTime":"2022-12-11T11:40:15.917703400+01:00[Europe/Budapest]","result":"SUCCESS","restQuery":{"method":"POST","path":"http://localhost:8080/v1/vat_calculation","content":"{\n    \"vatPercentage\": \"20\",\n    \"netAmount\": null,\n    \"grossAmount\": null,\n    \"vatAmount\": \"33.439\"\n}","contentType":"application/json","requestHeaders":"x-request-id\u003d1522a776-7d1c-4e90-95de-cb8d1dd5386f\r\n\t\t\t\tAccept\u003d*/*\r\n\t\t\t\tContent-Type\u003dapplication/json","requestCookies":"","responseHeaders":"Content-Type: application/json\r\nTransfer-Encoding: chunked\r\nDate: Sun, 11 Dec 2022 10:40:15 GMT\r\nKeep-Alive: timeout\u003d60\r\nConnection: keep-alive\r","responseCookies":"\r","responseBody":"{\n    \"vatPercentage\": 0.20,\n    \"netAmount\": 167.20,\n    \"grossAmount\": 200.63,\n    \"vatAmount\": 33.44\n}","statusCode":200},"precondition":false,"level":3}]}]},{"number":23,"description":"Then I receive the 200.63 Gross amount","duration":6,"startTime":"2022-12-11T11:40:15.921703200+01:00[Europe/Budapest]","result":"SUCCESS","precondition":false,"level":1},{"number":24,"description":"And I receive the 167.20 Net amount","duration":11,"startTime":"2022-12-11T11:40:15.931709800+01:00[Europe/Budapest]","result":"SUCCESS","precondition":false,"level":1}]},{"number":25,"description":"5: VAT based examples ({vatAmount\u003d33.438999, grossAmount\u003d200.63, netAmount\u003d167.19})","duration":80,"startTime":"2022-12-11T11:40:15.961701500+01:00[Europe/Budapest]","result":"SUCCESS","precondition":false,"level":0,"lineNumber":50,"children":[{"number":26,"description":"When I call the API with 33.438999 VAT amount","duration":49,"startTime":"2022-12-11T11:40:15.967704200+01:00[Europe/Budapest]","result":"SUCCESS","precondition":false,"level":1,"children":[{"number":27,"description":"API call: v1/vat_calculation","duration":35,"startTime":"2022-12-11T11:40:15.979700600+01:00[Europe/Budapest]","result":"SUCCESS","precondition":false,"level":2,"children":[{"number":28,"description":"POST http://localhost:8080/v1/vat_calculation","duration":0,"startTime":"2022-12-11T11:40:16.014700800+01:00[Europe/Budapest]","result":"SUCCESS","restQuery":{"method":"POST","path":"http://localhost:8080/v1/vat_calculation","content":"{\n    \"vatPercentage\": \"20\",\n    \"netAmount\": null,\n    \"grossAmount\": null,\n    \"vatAmount\": \"33.438999\"\n}","contentType":"application/json","requestHeaders":"x-request-id\u003dc93ddb84-c248-4f5a-a1e6-c1768e1ed4f3\r\n\t\t\t\tAccept\u003d*/*\r\n\t\t\t\tContent-Type\u003dapplication/json","requestCookies":"","responseHeaders":"Content-Type: application/json\r\nTransfer-Encoding: chunked\r\nDate: Sun, 11 Dec 2022 10:40:15 GMT\r\nKeep-Alive: timeout\u003d60\r\nConnection: keep-alive\r","responseCookies":"\r","responseBody":"{\n    \"vatPercentage\": 0.20,\n    \"netAmount\": 167.19,\n    \"grossAmount\": 200.63,\n    \"vatAmount\": 33.44\n}","statusCode":200},"precondition":false,"level":3}]}]},{"number":29,"description":"Then I receive the 200.63 Gross amount","duration":10,"startTime":"2022-12-11T11:40:16.019700+01:00[Europe/Budapest]","result":"SUCCESS","precondition":false,"level":1},{"number":30,"description":"And I receive the 167.19 Net amount","duration":7,"startTime":"2022-12-11T11:40:16.032703200+01:00[Europe/Budapest]","result":"SUCCESS","precondition":false,"level":1}]},{"number":31,"description":"6: VAT based examples ({vatAmount\u003d33.438, grossAmount\u003d200.63, netAmount\u003d167.19})","duration":58,"startTime":"2022-12-11T11:40:16.056701600+01:00[Europe/Budapest]","result":"SUCCESS","precondition":false,"level":0,"lineNumber":51,"children":[{"number":32,"description":"When I call the API with 33.438 VAT amount","duration":36,"startTime":"2022-12-11T11:40:16.059703100+01:00[Europe/Budapest]","result":"SUCCESS","precondition":false,"level":1,"children":[{"number":33,"description":"API call: v1/vat_calculation","duration":26,"startTime":"2022-12-11T11:40:16.068698900+01:00[Europe/Budapest]","result":"SUCCESS","precondition":false,"level":2,"children":[{"number":34,"description":"POST http://localhost:8080/v1/vat_calculation","duration":0,"startTime":"2022-12-11T11:40:16.094700600+01:00[Europe/Budapest]","result":"SUCCESS","restQuery":{"method":"POST","path":"http://localhost:8080/v1/vat_calculation","content":"{\n    \"vatPercentage\": \"20\",\n    \"netAmount\": null,\n    \"grossAmount\": null,\n    \"vatAmount\": \"33.438\"\n}","contentType":"application/json","requestHeaders":"x-request-id\u003d3fc73ae4-1261-4a17-acb1-e93b0efde0ca\r\n\t\t\t\tAccept\u003d*/*\r\n\t\t\t\tContent-Type\u003dapplication/json","requestCookies":"","responseHeaders":"Content-Type: application/json\r\nTransfer-Encoding: chunked\r\nDate: Sun, 11 Dec 2022 10:40:15 GMT\r\nKeep-Alive: timeout\u003d60\r\nConnection: keep-alive\r","responseCookies":"\r","responseBody":"{\n    \"vatPercentage\": 0.20,\n    \"netAmount\": 167.19,\n    \"grossAmount\": 200.63,\n    \"vatAmount\": 33.44\n}","statusCode":200},"precondition":false,"level":3}]}]},{"number":35,"description":"Then I receive the 200.63 Gross amount","duration":6,"startTime":"2022-12-11T11:40:16.098702700+01:00[Europe/Budapest]","result":"SUCCESS","precondition":false,"level":1},{"number":36,"description":"And I receive the 167.19 Net amount","duration":5,"startTime":"2022-12-11T11:40:16.107699+01:00[Europe/Budapest]","result":"SUCCESS","precondition":false,"level":1}]},{"number":37,"description":"7: VAT based examples ({vatAmount\u003d33.438999, grossAmount\u003d200.63, netAmount\u003d167.19})","duration":61,"startTime":"2022-12-11T11:40:16.124709+01:00[Europe/Budapest]","result":"SUCCESS","precondition":false,"level":0,"lineNumber":52,"children":[{"number":38,"description":"When I call the API with 33.438999 VAT amount","duration":41,"startTime":"2022-12-11T11:40:16.127700900+01:00[Europe/Budapest]","result":"SUCCESS","precondition":false,"level":1,"children":[{"number":39,"description":"API call: v1/vat_calculation","duration":27,"startTime":"2022-12-11T11:40:16.139713100+01:00[Europe/Budapest]","result":"SUCCESS","precondition":false,"level":2,"children":[{"number":40,"description":"POST http://localhost:8080/v1/vat_calculation","duration":0,"startTime":"2022-12-11T11:40:16.167701600+01:00[Europe/Budapest]","result":"SUCCESS","restQuery":{"method":"POST","path":"http://localhost:8080/v1/vat_calculation","content":"{\n    \"vatPercentage\": \"20\",\n    \"netAmount\": null,\n    \"grossAmount\": null,\n    \"vatAmount\": \"33.438999\"\n}","contentType":"application/json","requestHeaders":"x-request-id\u003d0d432406-dfde-4131-93d2-70b49fe00269\r\n\t\t\t\tAccept\u003d*/*\r\n\t\t\t\tContent-Type\u003dapplication/json","requestCookies":"","responseHeaders":"Content-Type: application/json\r\nTransfer-Encoding: chunked\r\nDate: Sun, 11 Dec 2022 10:40:15 GMT\r\nKeep-Alive: timeout\u003d60\r\nConnection: keep-alive\r","responseCookies":"\r","responseBody":"{\n    \"vatPercentage\": 0.20,\n    \"netAmount\": 167.19,\n    \"grossAmount\": 200.63,\n    \"vatAmount\": 33.44\n}","statusCode":200},"precondition":false,"level":3}]}]},{"number":41,"description":"Then I receive the 200.63 Gross amount","duration":5,"startTime":"2022-12-11T11:40:16.170700600+01:00[Europe/Budapest]","result":"SUCCESS","precondition":false,"level":1},{"number":42,"description":"And I receive the 167.19 Net amount","duration":7,"startTime":"2022-12-11T11:40:16.178700200+01:00[Europe/Budapest]","result":"SUCCESS","precondition":false,"level":1}]},{"number":43,"description":"8: VAT based examples ({vatAmount\u003d33.439166, grossAmount\u003d200.63, netAmount\u003d167.20})","duration":97,"startTime":"2022-12-11T11:40:16.196702700+01:00[Europe/Budapest]","result":"SUCCESS","precondition":false,"level":0,"lineNumber":53,"children":[{"number":44,"description":"When I call the API with 33.439166 VAT amount","duration":71,"startTime":"2022-12-11T11:40:16.200702500+01:00[Europe/Budapest]","result":"SUCCESS","precondition":false,"level":1,"children":[{"number":45,"description":"API call: v1/vat_calculation","duration":58,"startTime":"2022-12-11T11:40:16.212701200+01:00[Europe/Budapest]","result":"SUCCESS","precondition":false,"level":2,"children":[{"number":46,"description":"POST http://localhost:8080/v1/vat_calculation","duration":1,"startTime":"2022-12-11T11:40:16.269701200+01:00[Europe/Budapest]","result":"SUCCESS","restQuery":{"method":"POST","path":"http://localhost:8080/v1/vat_calculation","content":"{\n    \"vatPercentage\": \"20\",\n    \"netAmount\": null,\n    \"grossAmount\": null,\n    \"vatAmount\": \"33.439166\"\n}","contentType":"application/json","requestHeaders":"x-request-id\u003daa845e34-cf1e-413f-865c-cde121c3a74b\r\n\t\t\t\tAccept\u003d*/*\r\n\t\t\t\tContent-Type\u003dapplication/json","requestCookies":"","responseHeaders":"Content-Type: application/json\r\nTransfer-Encoding: chunked\r\nDate: Sun, 11 Dec 2022 10:40:15 GMT\r\nKeep-Alive: timeout\u003d60\r\nConnection: keep-alive\r","responseCookies":"\r","responseBody":"{\n    \"vatPercentage\": 0.20,\n    \"netAmount\": 167.20,\n    \"grossAmount\": 200.63,\n    \"vatAmount\": 33.44\n}","statusCode":200},"precondition":false,"level":3}]}]},{"number":47,"description":"Then I receive the 200.63 Gross amount","duration":8,"startTime":"2022-12-11T11:40:16.274701200+01:00[Europe/Budapest]","result":"SUCCESS","precondition":false,"level":1},{"number":48,"description":"And I receive the 167.20 Net amount","duration":6,"startTime":"2022-12-11T11:40:16.285724+01:00[Europe/Budapest]","result":"SUCCESS","precondition":false,"level":1}]},{"number":49,"description":"9: VAT based examples ({vatAmount\u003d33.439167, grossAmount\u003d200.64, netAmount\u003d167.20})","duration":65,"startTime":"2022-12-11T11:40:16.307700300+01:00[Europe/Budapest]","result":"SUCCESS","precondition":false,"level":0,"lineNumber":54,"children":[{"number":50,"description":"When I call the API with 33.439167 VAT amount","duration":43,"startTime":"2022-12-11T11:40:16.309701300+01:00[Europe/Budapest]","result":"SUCCESS","precondition":false,"level":1,"children":[{"number":51,"description":"API call: v1/vat_calculation","duration":31,"startTime":"2022-12-11T11:40:16.319701300+01:00[Europe/Budapest]","result":"SUCCESS","precondition":false,"level":2,"children":[{"number":52,"description":"POST http://localhost:8080/v1/vat_calculation","duration":0,"startTime":"2022-12-11T11:40:16.349702200+01:00[Europe/Budapest]","result":"SUCCESS","restQuery":{"method":"POST","path":"http://localhost:8080/v1/vat_calculation","content":"{\n    \"vatPercentage\": \"20\",\n    \"netAmount\": null,\n    \"grossAmount\": null,\n    \"vatAmount\": \"33.439167\"\n}","contentType":"application/json","requestHeaders":"x-request-id\u003d65b283e6-b2b1-4aa5-a022-4ddd77acd257\r\n\t\t\t\tAccept\u003d*/*\r\n\t\t\t\tContent-Type\u003dapplication/json","requestCookies":"","responseHeaders":"Content-Type: application/json\r\nTransfer-Encoding: chunked\r\nDate: Sun, 11 Dec 2022 10:40:15 GMT\r\nKeep-Alive: timeout\u003d60\r\nConnection: keep-alive\r","responseCookies":"\r","responseBody":"{\n    \"vatPercentage\": 0.20,\n    \"netAmount\": 167.20,\n    \"grossAmount\": 200.64,\n    \"vatAmount\": 33.44\n}","statusCode":200},"precondition":false,"level":3}]}]},{"number":53,"description":"Then I receive the 200.64 Gross amount","duration":6,"startTime":"2022-12-11T11:40:16.354701400+01:00[Europe/Budapest]","result":"SUCCESS","precondition":false,"level":1},{"number":54,"description":"And I receive the 167.20 Net amount","duration":7,"startTime":"2022-12-11T11:40:16.362702200+01:00[Europe/Budapest]","result":"SUCCESS","precondition":false,"level":1}]},{"number":55,"description":"10: VAT based examples ({vatAmount\u003d0.0009, grossAmount\u003d0.01, netAmount\u003d0.00})","duration":60,"startTime":"2022-12-11T11:40:16.383704300+01:00[Europe/Budapest]","result":"SUCCESS","precondition":false,"level":0,"lineNumber":55,"children":[{"number":56,"description":"When I call the API with 0.0009 VAT amount","duration":38,"startTime":"2022-12-11T11:40:16.386703400+01:00[Europe/Budapest]","result":"SUCCESS","precondition":false,"level":1,"children":[{"number":57,"description":"API call: v1/vat_calculation","duration":24,"startTime":"2022-12-11T11:40:16.398704300+01:00[Europe/Budapest]","result":"SUCCESS","precondition":false,"level":2,"children":[{"number":58,"description":"POST http://localhost:8080/v1/vat_calculation","duration":0,"startTime":"2022-12-11T11:40:16.423700100+01:00[Europe/Budapest]","result":"SUCCESS","restQuery":{"method":"POST","path":"http://localhost:8080/v1/vat_calculation","content":"{\n    \"vatPercentage\": \"20\",\n    \"netAmount\": null,\n    \"grossAmount\": null,\n    \"vatAmount\": \"0.0009\"\n}","contentType":"application/json","requestHeaders":"x-request-id\u003d6360c39f-6838-4df3-aa15-c1d21a53ff20\r\n\t\t\t\tAccept\u003d*/*\r\n\t\t\t\tContent-Type\u003dapplication/json","requestCookies":"","responseHeaders":"Content-Type: application/json\r\nTransfer-Encoding: chunked\r\nDate: Sun, 11 Dec 2022 10:40:15 GMT\r\nKeep-Alive: timeout\u003d60\r\nConnection: keep-alive\r","responseCookies":"\r","responseBody":"{\n    \"vatPercentage\": 0.20,\n    \"netAmount\": 0.00,\n    \"grossAmount\": 0.01,\n    \"vatAmount\": 0.00\n}","statusCode":200},"precondition":false,"level":3}]}]},{"number":59,"description":"Then I receive the 0.01 Gross amount","duration":6,"startTime":"2022-12-11T11:40:16.426703700+01:00[Europe/Budapest]","result":"SUCCESS","precondition":false,"level":1},{"number":60,"description":"And I receive the 0.00 Net amount","duration":8,"startTime":"2022-12-11T11:40:16.435699300+01:00[Europe/Budapest]","result":"SUCCESS","precondition":false,"level":1}]}],"userStory":{"id":"vat-calculator","storyName":"VAT calculator","displayName":"VAT calculator","path":"calculateVat.feature","narrative":"  As an API user, I would like to calculate Net, Gross, VAT amounts for purchases in Austria so\n  that I can use correctly calculated purchase data.","type":"feature"},"featureTag":{"name":"VAT calculator","type":"feature","displayName":"VAT calculator"},"title":"VAT based examples","description":"","tags":[{"name":"VAT calculator","type":"feature","displayName":"VAT calculator"}],"startTime":"2022-12-11T11:40:15.545702500+01:00[Europe/Budapest]","duration":900,"projectKey":"","isManualTestingUpToDate":false,"dataTable":{"headers":["vatAmount","grossAmount","netAmount"],"rows":[{"values":["200","1200.00","1000.00"],"lineNumber":46,"result":"SUCCESS"},{"values":["125.23","751.38","626.15"],"lineNumber":47,"result":"SUCCESS"},{"values":["999999.99","5999999.94","4999999.95"],"lineNumber":48,"result":"SUCCESS"},{"values":["33.439","200.63","167.20"],"lineNumber":49,"result":"SUCCESS"},{"values":["33.438999","200.63","167.19"],"lineNumber":50,"result":"SUCCESS"},{"values":["33.438","200.63","167.19"],"lineNumber":51,"result":"SUCCESS"},{"values":["33.438999","200.63","167.19"],"lineNumber":52,"result":"SUCCESS"},{"values":["33.439166","200.63","167.20"],"lineNumber":53,"result":"SUCCESS"},{"values":["33.439167","200.64","167.20"],"lineNumber":54,"result":"SUCCESS"},{"values":["0.0009","0.01","0.00"],"lineNumber":55,"result":"SUCCESS"}],"predefinedRows":true,"scenarioOutline":"When I call the API with \u003cvatAmount\u003e VAT amount\n\rThen I receive the \u003cgrossAmount\u003e Gross amount\n\rAnd I receive the \u003cnetAmount\u003e Net amount\n\r","dataSetDescriptors":[{"startRow":0,"rowCount":0,"name":"","description":""}]},"manual":false,"testSource":"Cucumber","result":"SUCCESS","scenarioOutline":"When I call the API with \u003cvatAmount\u003e VAT amount\r\nThen I receive the \u003cgrossAmount\u003e Gross amount\r\nAnd I receive the \u003cnetAmount\u003e Net amount"}