"Story","Title","Result","Date","Stability","Duration (s)"
"VAT calculator","Calculate VAT based on VAT amount","SUCCESS","2022-12-11T11:40:14.7377003+01:00[Europe/Budapest]","0.0","0.13"
"VAT calculator","Calculate VAT based on Gross amount","SUCCESS","2022-12-11T11:40:14.8857039+01:00[Europe/Budapest]","0.0","0.08"
"VAT calculator","Number format validation","SUCCESS","2022-12-11T11:40:14.9847018+01:00[Europe/Budapest]","0.0","0.09"
"VAT calculator","Validation for 0 value","SUCCESS","2022-12-11T11:40:15.0887072+01:00[Europe/Budapest]","0.0","0.09"
"VAT calculator","Mandatory validation for VAT percentage","SUCCESS","2022-12-11T11:40:15.1997036+01:00[Europe/Budapest]","0.0","0.11"
"VAT calculator","Mandatory validation for amounts","SUCCESS","2022-12-11T11:40:15.3247152+01:00[Europe/Budapest]","0.0","0.09"
"VAT calculator","More than one amount validation","SUCCESS","2022-12-11T11:40:15.427701+01:00[Europe/Budapest]","0.0","0.1"
"VAT calculator","VAT based examples","SUCCESS","2022-12-11T11:40:15.5457025+01:00[Europe/Budapest]","0.0","0.9"
"VAT calculator","Gross based examples","SUCCESS","2022-12-11T11:40:16.4576997+01:00[Europe/Budapest]","0.0","0.66"
"VAT calculator","Net based examples","SUCCESS","2022-12-11T11:40:17.1317054+01:00[Europe/Budapest]","0.0","0.62"
